搜尋關鍵字,招標類型,公告日期,機關名稱,標案案號,標案名稱,採購性質,截止投標,預算金額,連結,機關地址,聯絡人,聯絡電話,電子郵件信箱,決標方式,附加說明,詳細資料狀態
二極體,招標公告,115/06/10,衛生福利部桃園醫院,TYGH115016,大腸直腸外科-二極體三代雷射光纖採購案,財物類,115/06/22,"2,799,960",https://web.pcc.gov.tw/prkms/urlSelector/common/tpam?pk=NzEyNDQxMzQ=,,,,,,,🛑 觸發驗證碼
二極體,公開徵求,115/06/10,衛生福利部桃園醫院,TYGH115016,大腸直腸外科-二極體三代雷射光纖採購案,財物類,115/06/22,"2,799,960",https://web.pcc.gov.tw/prkms/urlSelector/common/tpam?pk=NzEyNDQxMzQ=,,,,,,,🛑 觸發驗證碼
二極體,公開閱覽,115/06/10,衛生福利部桃園醫院,TYGH115016,大腸直腸外科-二極體三代雷射光纖採購案,財物類,115/06/22,"2,799,960",https://web.pcc.gov.tw/prkms/urlSelector/common/tpam?pk=NzEyNDQxMzQ=,,,,,,,🛑 觸發驗證碼
二極體,政府採購預告,115/06/10,衛生福利部桃園醫院,TYGH115016,大腸直腸外科-二極體三代雷射光纖採購案,財物類,115/06/22,"2,799,960",https://web.pcc.gov.tw/prkms/urlSelector/common/tpam?pk=NzEyNDQxMzQ=,,,,,,,🛑 觸發驗證碼
匯流排,招標公告,115/06/09,國立政治大學,115-006,商學院電力系統匯流排汰換更新工程,工程類,115/06/26,"8,613,363",https://web.pcc.gov.tw/prkms/urlSelector/common/tpam?pk=NzEyNDI3NTY=,116 臺北市 文山區 指南路2段64號,江仁德,(02) 29393091 #63088,johnny88@nccu.edu.tw,最低標,詳投標須知。,✅ 已擷取
匯流排,公開徵求,115/06/09,國立政治大學,115-006,商學院電力系統匯流排汰換更新工程,工程類,115/06/26,"8,613,363",https://web.pcc.gov.tw/prkms/urlSelector/common/tpam?pk=NzEyNDI3NTY=,116 臺北市 文山區 指南路2段64號,江仁德,(02) 29393091 #63088,johnny88@nccu.edu.tw,最低標,詳投標須知。,✅ 已擷取
匯流排,公開閱覽,115/06/09,國立政治大學,115-006,商學院電力系統匯流排汰換更新工程,工程類,115/06/26,"8,613,363",https://web.pcc.gov.tw/prkms/urlSelector/common/tpam?pk=NzEyNDI3NTY=,116 臺北市 文山區 指南路2段64號,江仁德,(02) 29393091 #63088,johnny88@nccu.edu.tw,最低標,詳投標須知。,✅ 已擷取
匯流排,政府採購預告,115/06/09,國立政治大學,115-006,商學院電力系統匯流排汰換更新工程,工程類,115/06/26,"8,613,363",https://web.pcc.gov.tw/prkms/urlSelector/common/tpam?pk=NzEyNDI3NTY=,116 臺北市 文山區 指南路2段64號,江仁德,(02) 29393091 #63088,johnny88@nccu.edu.tw,最低標,詳投標須知。,✅ 已擷取
二極體,招標公告,115/06/05,衛生福利部屏東醫院,115GS-03,二極體雷射儀,財物類,115/06/09,"1,462,000",https://web.pcc.gov.tw/prkms/urlSelector/common/tpam?pk=NzEyNDA5NTc=,900 屏東縣 屏東市 自由路270號,林秀蓮,(08) 7363011 #2255,sandysky@pntn.mohw.gov.tw,最低標,"未達公告金額之採購，爭議屬政府採購法第31條規定不予發還或追繳押標金之爭議，始得提出申訴。 １本案採購聯絡人：總務室林秀蓮專員 電話：(08)7363011#2255 本案規格聯絡人：外科黃鵬仁醫師 電話：(08)7363011#2206 ２其他應檢附之資格文件： ■押標金：新台幣20,000元整 ■投標廠商聲明書(投標廠商聲明書第八項答「是」者應檢附「職人員利益衝突迴避法第14條第2項公職人員及關係人身分揭露表」) ■招標投標及契約文件 ■投標標價清單 ■領標電子憑據書面明細 ■投標廠商保密切結書 ■查詢押標金同意書 ■退還押標金申請書 ■委託代理出席使用印章授權書 (負責人親自出席免附) ■「廠商參與政府採購可能涉及之法律責任」廠商切結書1 ■「投標廠商應檢附原廠授權代理或經銷證明影本，其有效期限於『開標當日』須為有效。若授權期限於履約期間屆滿者，廠商應於期滿前主動檢附續約證明送交機關備查；如未能持續取得授權，機關得暫停驗收、停止支付貨款或依契約規定終止契約。」 ３規格文件： ■醫療器材許可證(非醫療器材者免附) ：專案進口則檢附有效期限內之核准函。（許可證於開標當日已逾有效期間者，須另檢附向衛生福利部食品藥物管理署辦理展延之證明）。 ■衛材製造廠之QMS/QSD製造許可或登錄號碼。 第1項及第2項請檢附有效期間內之許可證明，如許可證明於開標當日逾有效期間者，應檢附向主管機關申請展延證明及主管機關受理證明，未檢附者視同規格不符。 ■型錄及仿單(該品項無仿單者免附）。 ■中央健康保險署有效的核價證明(如健保代碼、產品型號、許可證字號)。自費品項，請提供健保尚未納入給付之品項代碼。 ※上述文件,如投標廠商有依法令『免』申請核發該項基本資格證明文件之情形者，請主動提出說明。 ４履約期限：廠商應自決標次日( 年 月 日)起至117年05月31日之期間內履行採購標的之供應。 | 未達公告金額之採購，爭議屬政府採購法第31條規定不予發還或追繳押標金之爭議，始得提出申訴。 | １本案採購聯絡人：總務室林秀蓮專員 電話：(08)7363011#2255 本案規格聯絡人：外科黃鵬仁醫師 電話：(08)7363011#2206 ２其他應檢附之資格文件： ■押標金：新台幣20,000元整 ■投標廠商聲明書(投標廠商聲明書第八項答「是」者應檢附「職人員利益衝突迴避法第14條第2項公職人員及關係人身分揭露表」) ■招標投標及契約文件 ■投標標價清單 ■領標電子憑據書面明細 ■投標廠商保密切結書 ■查詢押標金同意書 ■退還押標金申請書 ■委託代理出席使用印章授權書 (負責人親自出席免附) ■「廠商參與政府採購可能涉及之法律責任」廠商切結書1 ■「投標廠商應檢附原廠授權代理或經銷證明影本，其有效期限於『開標當日』須為有效。若授權期限於履約期間屆滿者，廠商應於期滿前主動檢附續約證明送交機關備查；如未能持續取得授權，機關得暫停驗收、停止支付貨款或依契約規定終止契約。」 ３規格文件： ■醫療器材許可證(非醫療器材者免附) ：專案進口則檢附有效期限內之核准函。（許可證於開標當日已逾有效期間者，須另檢附向衛生福利部食品藥物管理署辦理展延之證明）。 ■衛材製造廠之QMS/QSD製造許可或登錄號碼。 第1項及第2項請檢附有效期間內之許可證明，如許可證明於開標當日逾有效期間者，應檢附向主管機關申請展延證明及主管機關受理證明，未檢附者視同規格不符。 ■型錄及仿單(該品項無仿單者免附）。 ■中央健康保險署有效的核價證明(如健保代碼、產品型號、許可證字號)。自費品項，請提供健保尚未納入給付之品項代碼。 ※上述文件,如投標廠商有依法令『免』申請核發該項基本資格證明文件之情形者，請主動提出說明。 ４履約期限：廠商應自決標次日( 年 月 日)起至117年05月31日之期間內履行採購標的之供應。",✅ 已擷取
二極體,公開徵求,115/06/05,衛生福利部屏東醫院,115GS-03,二極體雷射儀,財物類,115/06/09,"1,462,000",https://web.pcc.gov.tw/prkms/urlSelector/common/tpam?pk=NzEyNDA5NTc=,900 屏東縣 屏東市 自由路270號,林秀蓮,(08) 7363011 #2255,sandysky@pntn.mohw.gov.tw,最低標,"未達公告金額之採購，爭議屬政府採購法第31條規定不予發還或追繳押標金之爭議，始得提出申訴。 １本案採購聯絡人：總務室林秀蓮專員 電話：(08)7363011#2255 本案規格聯絡人：外科黃鵬仁醫師 電話：(08)7363011#2206 ２其他應檢附之資格文件： ■押標金：新台幣20,000元整 ■投標廠商聲明書(投標廠商聲明書第八項答「是」者應檢附「職人員利益衝突迴避法第14條第2項公職人員及關係人身分揭露表」) ■招標投標及契約文件 ■投標標價清單 ■領標電子憑據書面明細 ■投標廠商保密切結書 ■查詢押標金同意書 ■退還押標金申請書 ■委託代理出席使用印章授權書 (負責人親自出席免附) ■「廠商參與政府採購可能涉及之法律責任」廠商切結書1 ■「投標廠商應檢附原廠授權代理或經銷證明影本，其有效期限於『開標當日』須為有效。若授權期限於履約期間屆滿者，廠商應於期滿前主動檢附續約證明送交機關備查；如未能持續取得授權，機關得暫停驗收、停止支付貨款或依契約規定終止契約。」 ３規格文件： ■醫療器材許可證(非醫療器材者免附) ：專案進口則檢附有效期限內之核准函。（許可證於開標當日已逾有效期間者，須另檢附向衛生福利部食品藥物管理署辦理展延之證明）。 ■衛材製造廠之QMS/QSD製造許可或登錄號碼。 第1項及第2項請檢附有效期間內之許可證明，如許可證明於開標當日逾有效期間者，應檢附向主管機關申請展延證明及主管機關受理證明，未檢附者視同規格不符。 ■型錄及仿單(該品項無仿單者免附）。 ■中央健康保險署有效的核價證明(如健保代碼、產品型號、許可證字號)。自費品項，請提供健保尚未納入給付之品項代碼。 ※上述文件,如投標廠商有依法令『免』申請核發該項基本資格證明文件之情形者，請主動提出說明。 ４履約期限：廠商應自決標次日( 年 月 日)起至117年05月31日之期間內履行採購標的之供應。 | 未達公告金額之採購，爭議屬政府採購法第31條規定不予發還或追繳押標金之爭議，始得提出申訴。 | １本案採購聯絡人：總務室林秀蓮專員 電話：(08)7363011#2255 本案規格聯絡人：外科黃鵬仁醫師 電話：(08)7363011#2206 ２其他應檢附之資格文件： ■押標金：新台幣20,000元整 ■投標廠商聲明書(投標廠商聲明書第八項答「是」者應檢附「職人員利益衝突迴避法第14條第2項公職人員及關係人身分揭露表」) ■招標投標及契約文件 ■投標標價清單 ■領標電子憑據書面明細 ■投標廠商保密切結書 ■查詢押標金同意書 ■退還押標金申請書 ■委託代理出席使用印章授權書 (負責人親自出席免附) ■「廠商參與政府採購可能涉及之法律責任」廠商切結書1 ■「投標廠商應檢附原廠授權代理或經銷證明影本，其有效期限於『開標當日』須為有效。若授權期限於履約期間屆滿者，廠商應於期滿前主動檢附續約證明送交機關備查；如未能持續取得授權，機關得暫停驗收、停止支付貨款或依契約規定終止契約。」 ３規格文件： ■醫療器材許可證(非醫療器材者免附) ：專案進口則檢附有效期限內之核准函。（許可證於開標當日已逾有效期間者，須另檢附向衛生福利部食品藥物管理署辦理展延之證明）。 ■衛材製造廠之QMS/QSD製造許可或登錄號碼。 第1項及第2項請檢附有效期間內之許可證明，如許可證明於開標當日逾有效期間者，應檢附向主管機關申請展延證明及主管機關受理證明，未檢附者視同規格不符。 ■型錄及仿單(該品項無仿單者免附）。 ■中央健康保險署有效的核價證明(如健保代碼、產品型號、許可證字號)。自費品項，請提供健保尚未納入給付之品項代碼。 ※上述文件,如投標廠商有依法令『免』申請核發該項基本資格證明文件之情形者，請主動提出說明。 ４履約期限：廠商應自決標次日( 年 月 日)起至117年05月31日之期間內履行採購標的之供應。",✅ 已擷取
二極體,公開閱覽,115/06/05,衛生福利部屏東醫院,115GS-03,二極體雷射儀,財物類,115/06/09,"1,462,000",https://web.pcc.gov.tw/prkms/urlSelector/common/tpam?pk=NzEyNDA5NTc=,900 屏東縣 屏東市 自由路270號,林秀蓮,(08) 7363011 #2255,sandysky@pntn.mohw.gov.tw,最低標,"未達公告金額之採購，爭議屬政府採購法第31條規定不予發還或追繳押標金之爭議，始得提出申訴。 １本案採購聯絡人：總務室林秀蓮專員 電話：(08)7363011#2255 本案規格聯絡人：外科黃鵬仁醫師 電話：(08)7363011#2206 ２其他應檢附之資格文件： ■押標金：新台幣20,000元整 ■投標廠商聲明書(投標廠商聲明書第八項答「是」者應檢附「職人員利益衝突迴避法第14條第2項公職人員及關係人身分揭露表」) ■招標投標及契約文件 ■投標標價清單 ■領標電子憑據書面明細 ■投標廠商保密切結書 ■查詢押標金同意書 ■退還押標金申請書 ■委託代理出席使用印章授權書 (負責人親自出席免附) ■「廠商參與政府採購可能涉及之法律責任」廠商切結書1 ■「投標廠商應檢附原廠授權代理或經銷證明影本，其有效期限於『開標當日』須為有效。若授權期限於履約期間屆滿者，廠商應於期滿前主動檢附續約證明送交機關備查；如未能持續取得授權，機關得暫停驗收、停止支付貨款或依契約規定終止契約。」 ３規格文件： ■醫療器材許可證(非醫療器材者免附) ：專案進口則檢附有效期限內之核准函。（許可證於開標當日已逾有效期間者，須另檢附向衛生福利部食品藥物管理署辦理展延之證明）。 ■衛材製造廠之QMS/QSD製造許可或登錄號碼。 第1項及第2項請檢附有效期間內之許可證明，如許可證明於開標當日逾有效期間者，應檢附向主管機關申請展延證明及主管機關受理證明，未檢附者視同規格不符。 ■型錄及仿單(該品項無仿單者免附）。 ■中央健康保險署有效的核價證明(如健保代碼、產品型號、許可證字號)。自費品項，請提供健保尚未納入給付之品項代碼。 ※上述文件,如投標廠商有依法令『免』申請核發該項基本資格證明文件之情形者，請主動提出說明。 ４履約期限：廠商應自決標次日( 年 月 日)起至117年05月31日之期間內履行採購標的之供應。 | 未達公告金額之採購，爭議屬政府採購法第31條規定不予發還或追繳押標金之爭議，始得提出申訴。 | １本案採購聯絡人：總務室林秀蓮專員 電話：(08)7363011#2255 本案規格聯絡人：外科黃鵬仁醫師 電話：(08)7363011#2206 ２其他應檢附之資格文件： ■押標金：新台幣20,000元整 ■投標廠商聲明書(投標廠商聲明書第八項答「是」者應檢附「職人員利益衝突迴避法第14條第2項公職人員及關係人身分揭露表」) ■招標投標及契約文件 ■投標標價清單 ■領標電子憑據書面明細 ■投標廠商保密切結書 ■查詢押標金同意書 ■退還押標金申請書 ■委託代理出席使用印章授權書 (負責人親自出席免附) ■「廠商參與政府採購可能涉及之法律責任」廠商切結書1 ■「投標廠商應檢附原廠授權代理或經銷證明影本，其有效期限於『開標當日』須為有效。若授權期限於履約期間屆滿者，廠商應於期滿前主動檢附續約證明送交機關備查；如未能持續取得授權，機關得暫停驗收、停止支付貨款或依契約規定終止契約。」 ３規格文件： ■醫療器材許可證(非醫療器材者免附) ：專案進口則檢附有效期限內之核准函。（許可證於開標當日已逾有效期間者，須另檢附向衛生福利部食品藥物管理署辦理展延之證明）。 ■衛材製造廠之QMS/QSD製造許可或登錄號碼。 第1項及第2項請檢附有效期間內之許可證明，如許可證明於開標當日逾有效期間者，應檢附向主管機關申請展延證明及主管機關受理證明，未檢附者視同規格不符。 ■型錄及仿單(該品項無仿單者免附）。 ■中央健康保險署有效的核價證明(如健保代碼、產品型號、許可證字號)。自費品項，請提供健保尚未納入給付之品項代碼。 ※上述文件,如投標廠商有依法令『免』申請核發該項基本資格證明文件之情形者，請主動提出說明。 ４履約期限：廠商應自決標次日( 年 月 日)起至117年05月31日之期間內履行採購標的之供應。",✅ 已擷取
二極體,政府採購預告,115/06/05,衛生福利部屏東醫院,115GS-03,二極體雷射儀,財物類,115/06/09,"1,462,000",https://web.pcc.gov.tw/prkms/urlSelector/common/tpam?pk=NzEyNDA5NTc=,900 屏東縣 屏東市 自由路270號,林秀蓮,(08) 7363011 #2255,sandysky@pntn.mohw.gov.tw,最低標,"未達公告金額之採購，爭議屬政府採購法第31條規定不予發還或追繳押標金之爭議，始得提出申訴。 １本案採購聯絡人：總務室林秀蓮專員 電話：(08)7363011#2255 本案規格聯絡人：外科黃鵬仁醫師 電話：(08)7363011#2206 ２其他應檢附之資格文件： ■押標金：新台幣20,000元整 ■投標廠商聲明書(投標廠商聲明書第八項答「是」者應檢附「職人員利益衝突迴避法第14條第2項公職人員及關係人身分揭露表」) ■招標投標及契約文件 ■投標標價清單 ■領標電子憑據書面明細 ■投標廠商保密切結書 ■查詢押標金同意書 ■退還押標金申請書 ■委託代理出席使用印章授權書 (負責人親自出席免附) ■「廠商參與政府採購可能涉及之法律責任」廠商切結書1 ■「投標廠商應檢附原廠授權代理或經銷證明影本，其有效期限於『開標當日』須為有效。若授權期限於履約期間屆滿者，廠商應於期滿前主動檢附續約證明送交機關備查；如未能持續取得授權，機關得暫停驗收、停止支付貨款或依契約規定終止契約。」 ３規格文件： ■醫療器材許可證(非醫療器材者免附) ：專案進口則檢附有效期限內之核准函。（許可證於開標當日已逾有效期間者，須另檢附向衛生福利部食品藥物管理署辦理展延之證明）。 ■衛材製造廠之QMS/QSD製造許可或登錄號碼。 第1項及第2項請檢附有效期間內之許可證明，如許可證明於開標當日逾有效期間者，應檢附向主管機關申請展延證明及主管機關受理證明，未檢附者視同規格不符。 ■型錄及仿單(該品項無仿單者免附）。 ■中央健康保險署有效的核價證明(如健保代碼、產品型號、許可證字號)。自費品項，請提供健保尚未納入給付之品項代碼。 ※上述文件,如投標廠商有依法令『免』申請核發該項基本資格證明文件之情形者，請主動提出說明。 ４履約期限：廠商應自決標次日( 年 月 日)起至117年05月31日之期間內履行採購標的之供應。 | 未達公告金額之採購，爭議屬政府採購法第31條規定不予發還或追繳押標金之爭議，始得提出申訴。 | １本案採購聯絡人：總務室林秀蓮專員 電話：(08)7363011#2255 本案規格聯絡人：外科黃鵬仁醫師 電話：(08)7363011#2206 ２其他應檢附之資格文件： ■押標金：新台幣20,000元整 ■投標廠商聲明書(投標廠商聲明書第八項答「是」者應檢附「職人員利益衝突迴避法第14條第2項公職人員及關係人身分揭露表」) ■招標投標及契約文件 ■投標標價清單 ■領標電子憑據書面明細 ■投標廠商保密切結書 ■查詢押標金同意書 ■退還押標金申請書 ■委託代理出席使用印章授權書 (負責人親自出席免附) ■「廠商參與政府採購可能涉及之法律責任」廠商切結書1 ■「投標廠商應檢附原廠授權代理或經銷證明影本，其有效期限於『開標當日』須為有效。若授權期限於履約期間屆滿者，廠商應於期滿前主動檢附續約證明送交機關備查；如未能持續取得授權，機關得暫停驗收、停止支付貨款或依契約規定終止契約。」 ３規格文件： ■醫療器材許可證(非醫療器材者免附) ：專案進口則檢附有效期限內之核准函。（許可證於開標當日已逾有效期間者，須另檢附向衛生福利部食品藥物管理署辦理展延之證明）。 ■衛材製造廠之QMS/QSD製造許可或登錄號碼。 第1項及第2項請檢附有效期間內之許可證明，如許可證明於開標當日逾有效期間者，應檢附向主管機關申請展延證明及主管機關受理證明，未檢附者視同規格不符。 ■型錄及仿單(該品項無仿單者免附）。 ■中央健康保險署有效的核價證明(如健保代碼、產品型號、許可證字號)。自費品項，請提供健保尚未納入給付之品項代碼。 ※上述文件,如投標廠商有依法令『免』申請核發該項基本資格證明文件之情形者，請主動提出說明。 ４履約期限：廠商應自決標次日( 年 月 日)起至117年05月31日之期間內履行採購標的之供應。",✅ 已擷取
IGBT,招標公告,115/06/04,國營臺灣鐵路股份有限公司富岡機廠,1150602N012,整流器單元用IGBT 65PC,財物類,115/06/10,"1,487,850",https://web.pcc.gov.tw/prkms/urlSelector/common/tpam?pk=NzEyMzg1NTQ=,326 桃園市 楊梅區 富豐里富全街1號,林孟科,(03) 4722253 #123,2006960@railway.gov.tw,最低標,未達公告金額之採購，爭議屬政府採購法第31條規定不予發還或追繳押標金之爭議，始得提出申訴。 1. 依廠牌「MITSUBISHI ELECTRIC」件號「CM2400HC-34X」辦理驗收，交貨時須檢附原供應(製造)廠/商/廠商之出廠證明，並具結保證之該證明確實為原供應(製造)廠/商/廠商所提供之出廠證明。 2. 開標未出席者其減價、比減價以棄權論。 3. 公開取得電子報價單投標標價清單(財物採購)之單價、總價及總標價請以含稅報價。 4. 投標廠商若委由代表人出席開標現場，應攜帶出席代表授權書。 5. 交貨地點：桃園市楊梅區富豐里富全街1號(富岡機廠)。 6. 驗收合格日起保固1年，並繳交保固金為契約總價含稅3％。 | 未達公告金額之採購，爭議屬政府採購法第31條規定不予發還或追繳押標金之爭議，始得提出申訴。 | 1. 依廠牌「MITSUBISHI ELECTRIC」件號「CM2400HC-34X」辦理驗收，交貨時須檢附原供應(製造)廠/商/廠商之出廠證明，並具結保證之該證明確實為原供應(製造)廠/商/廠商所提供之出廠證明。 2. 開標未出席者其減價、比減價以棄權論。 3. 公開取得電子報價單投標標價清單(財物採購)之單價、總價及總標價請以含稅報價。 4. 投標廠商若委由代表人出席開標現場，應攜帶出席代表授權書。 5. 交貨地點：桃園市楊梅區富豐里富全街1號(富岡機廠)。 6. 驗收合格日起保固1年，並繳交保固金為契約總價含稅3％。,✅ 已擷取
IGBT,公開徵求,115/06/04,國營臺灣鐵路股份有限公司富岡機廠,1150602N012,整流器單元用IGBT 65PC,財物類,115/06/10,"1,487,850",https://web.pcc.gov.tw/prkms/urlSelector/common/tpam?pk=NzEyMzg1NTQ=,326 桃園市 楊梅區 富豐里富全街1號,林孟科,(03) 4722253 #123,2006960@railway.gov.tw,最低標,未達公告金額之採購，爭議屬政府採購法第31條規定不予發還或追繳押標金之爭議，始得提出申訴。 1. 依廠牌「MITSUBISHI ELECTRIC」件號「CM2400HC-34X」辦理驗收，交貨時須檢附原供應(製造)廠/商/廠商之出廠證明，並具結保證之該證明確實為原供應(製造)廠/商/廠商所提供之出廠證明。 2. 開標未出席者其減價、比減價以棄權論。 3. 公開取得電子報價單投標標價清單(財物採購)之單價、總價及總標價請以含稅報價。 4. 投標廠商若委由代表人出席開標現場，應攜帶出席代表授權書。 5. 交貨地點：桃園市楊梅區富豐里富全街1號(富岡機廠)。 6. 驗收合格日起保固1年，並繳交保固金為契約總價含稅3％。 | 未達公告金額之採購，爭議屬政府採購法第31條規定不予發還或追繳押標金之爭議，始得提出申訴。 | 1. 依廠牌「MITSUBISHI ELECTRIC」件號「CM2400HC-34X」辦理驗收，交貨時須檢附原供應(製造)廠/商/廠商之出廠證明，並具結保證之該證明確實為原供應(製造)廠/商/廠商所提供之出廠證明。 2. 開標未出席者其減價、比減價以棄權論。 3. 公開取得電子報價單投標標價清單(財物採購)之單價、總價及總標價請以含稅報價。 4. 投標廠商若委由代表人出席開標現場，應攜帶出席代表授權書。 5. 交貨地點：桃園市楊梅區富豐里富全街1號(富岡機廠)。 6. 驗收合格日起保固1年，並繳交保固金為契約總價含稅3％。,✅ 已擷取
IGBT,公開閱覽,115/06/04,國營臺灣鐵路股份有限公司富岡機廠,1150602N012,整流器單元用IGBT 65PC,財物類,115/06/10,"1,487,850",https://web.pcc.gov.tw/prkms/urlSelector/common/tpam?pk=NzEyMzg1NTQ=,326 桃園市 楊梅區 富豐里富全街1號,林孟科,(03) 4722253 #123,2006960@railway.gov.tw,最低標,未達公告金額之採購，爭議屬政府採購法第31條規定不予發還或追繳押標金之爭議，始得提出申訴。 1. 依廠牌「MITSUBISHI ELECTRIC」件號「CM2400HC-34X」辦理驗收，交貨時須檢附原供應(製造)廠/商/廠商之出廠證明，並具結保證之該證明確實為原供應(製造)廠/商/廠商所提供之出廠證明。 2. 開標未出席者其減價、比減價以棄權論。 3. 公開取得電子報價單投標標價清單(財物採購)之單價、總價及總標價請以含稅報價。 4. 投標廠商若委由代表人出席開標現場，應攜帶出席代表授權書。 5. 交貨地點：桃園市楊梅區富豐里富全街1號(富岡機廠)。 6. 驗收合格日起保固1年，並繳交保固金為契約總價含稅3％。 | 未達公告金額之採購，爭議屬政府採購法第31條規定不予發還或追繳押標金之爭議，始得提出申訴。 | 1. 依廠牌「MITSUBISHI ELECTRIC」件號「CM2400HC-34X」辦理驗收，交貨時須檢附原供應(製造)廠/商/廠商之出廠證明，並具結保證之該證明確實為原供應(製造)廠/商/廠商所提供之出廠證明。 2. 開標未出席者其減價、比減價以棄權論。 3. 公開取得電子報價單投標標價清單(財物採購)之單價、總價及總標價請以含稅報價。 4. 投標廠商若委由代表人出席開標現場，應攜帶出席代表授權書。 5. 交貨地點：桃園市楊梅區富豐里富全街1號(富岡機廠)。 6. 驗收合格日起保固1年，並繳交保固金為契約總價含稅3％。,✅ 已擷取
IGBT,政府採購預告,115/06/04,國營臺灣鐵路股份有限公司富岡機廠,1150602N012,整流器單元用IGBT 65PC,財物類,115/06/10,"1,487,850",https://web.pcc.gov.tw/prkms/urlSelector/common/tpam?pk=NzEyMzg1NTQ=,326 桃園市 楊梅區 富豐里富全街1號,林孟科,(03) 4722253 #123,2006960@railway.gov.tw,最低標,未達公告金額之採購，爭議屬政府採購法第31條規定不予發還或追繳押標金之爭議，始得提出申訴。 1. 依廠牌「MITSUBISHI ELECTRIC」件號「CM2400HC-34X」辦理驗收，交貨時須檢附原供應(製造)廠/商/廠商之出廠證明，並具結保證之該證明確實為原供應(製造)廠/商/廠商所提供之出廠證明。 2. 開標未出席者其減價、比減價以棄權論。 3. 公開取得電子報價單投標標價清單(財物採購)之單價、總價及總標價請以含稅報價。 4. 投標廠商若委由代表人出席開標現場，應攜帶出席代表授權書。 5. 交貨地點：桃園市楊梅區富豐里富全街1號(富岡機廠)。 6. 驗收合格日起保固1年，並繳交保固金為契約總價含稅3％。 | 未達公告金額之採購，爭議屬政府採購法第31條規定不予發還或追繳押標金之爭議，始得提出申訴。 | 1. 依廠牌「MITSUBISHI ELECTRIC」件號「CM2400HC-34X」辦理驗收，交貨時須檢附原供應(製造)廠/商/廠商之出廠證明，並具結保證之該證明確實為原供應(製造)廠/商/廠商所提供之出廠證明。 2. 開標未出席者其減價、比減價以棄權論。 3. 公開取得電子報價單投標標價清單(財物採購)之單價、總價及總標價請以含稅報價。 4. 投標廠商若委由代表人出席開標現場，應攜帶出席代表授權書。 5. 交貨地點：桃園市楊梅區富豐里富全街1號(富岡機廠)。 6. 驗收合格日起保固1年，並繳交保固金為契約總價含稅3％。,✅ 已擷取
二極體,招標公告,115/05/29,衛生福利部屏東醫院,115GS-03,二極體雷射儀,財物類,115/06/02,"1,462,000",https://web.pcc.gov.tw/prkms/urlSelector/common/tpam?pk=NzEyMzQ4MDY=,900 屏東縣 屏東市 自由路270號,林秀蓮,(08) 7363011 #2255,sandysky@pntn.mohw.gov.tw,最低標,"未達公告金額之採購，爭議屬政府採購法第31條規定不予發還或追繳押標金之爭議，始得提出申訴。 １本案採購聯絡人：總務室林秀蓮專員 電話：(08)7363011#2255 本案規格聯絡人：外科黃鵬仁醫師 電話：(08)7363011#2206 ２其他應檢附之資格文件： ■押標金：新台幣20,000元整 ■投標廠商聲明書(投標廠商聲明書第八項答「是」者應檢附「職人員利益衝突迴避法第14條第2項公職人員及關係人身分揭露表」) ■招標投標及契約文件 ■投標標價清單 ■領標電子憑據書面明細 ■投標廠商保密切結書 ■查詢押標金同意書 ■退還押標金申請書 ■委託代理出席使用印章授權書 (負責人親自出席免附) ■「廠商參與政府採購可能涉及之法律責任」廠商切結書1 ■「投標廠商應檢附原廠授權代理或經銷證明影本，其有效期限於『開標當日』須為有效。若授權期限於履約期間屆滿者，廠商應於期滿前主動檢附續約證明送交機關備查；如未能持續取得授權，機關得暫停驗收、停止支付貨款或依契約規定終止契約。」 ３規格文件： ■醫療器材許可證(非醫療器材者免附) ：專案進口則檢附有效期限內之核准函。（許可證於開標當日已逾有效期間者，須另檢附向衛生福利部食品藥物管理署辦理展延之證明）。 ■衛材製造廠之QMS/QSD製造許可或登錄號碼。 第1項及第2項請檢附有效期間內之許可證明，如許可證明於開標當日逾有效期間者，應檢附向主管機關申請展延證明及主管機關受理證明，未檢附者視同規格不符。 ■型錄及仿單(該品項無仿單者免附）。 ■中央健康保險署有效的核價證明(如健保代碼、產品型號、許可證字號)。自費品項，請提供健保尚未納入給付之品項代碼。 ※上述文件,如投標廠商有依法令『免』申請核發該項基本資格證明文件之情形者，請主動提出說明。 ４履約期限：廠商應自決標次日( 年 月 日)起至117年05月31日之期間內履行採購標的之供應。 | 未達公告金額之採購，爭議屬政府採購法第31條規定不予發還或追繳押標金之爭議，始得提出申訴。 | １本案採購聯絡人：總務室林秀蓮專員 電話：(08)7363011#2255 本案規格聯絡人：外科黃鵬仁醫師 電話：(08)7363011#2206 ２其他應檢附之資格文件： ■押標金：新台幣20,000元整 ■投標廠商聲明書(投標廠商聲明書第八項答「是」者應檢附「職人員利益衝突迴避法第14條第2項公職人員及關係人身分揭露表」) ■招標投標及契約文件 ■投標標價清單 ■領標電子憑據書面明細 ■投標廠商保密切結書 ■查詢押標金同意書 ■退還押標金申請書 ■委託代理出席使用印章授權書 (負責人親自出席免附) ■「廠商參與政府採購可能涉及之法律責任」廠商切結書1 ■「投標廠商應檢附原廠授權代理或經銷證明影本，其有效期限於『開標當日』須為有效。若授權期限於履約期間屆滿者，廠商應於期滿前主動檢附續約證明送交機關備查；如未能持續取得授權，機關得暫停驗收、停止支付貨款或依契約規定終止契約。」 ３規格文件： ■醫療器材許可證(非醫療器材者免附) ：專案進口則檢附有效期限內之核准函。（許可證於開標當日已逾有效期間者，須另檢附向衛生福利部食品藥物管理署辦理展延之證明）。 ■衛材製造廠之QMS/QSD製造許可或登錄號碼。 第1項及第2項請檢附有效期間內之許可證明，如許可證明於開標當日逾有效期間者，應檢附向主管機關申請展延證明及主管機關受理證明，未檢附者視同規格不符。 ■型錄及仿單(該品項無仿單者免附）。 ■中央健康保險署有效的核價證明(如健保代碼、產品型號、許可證字號)。自費品項，請提供健保尚未納入給付之品項代碼。 ※上述文件,如投標廠商有依法令『免』申請核發該項基本資格證明文件之情形者，請主動提出說明。 ４履約期限：廠商應自決標次日( 年 月 日)起至117年05月31日之期間內履行採購標的之供應。",✅ 已擷取
二極體,公開徵求,115/05/29,衛生福利部屏東醫院,115GS-03,二極體雷射儀,財物類,115/06/02,"1,462,000",https://web.pcc.gov.tw/prkms/urlSelector/common/tpam?pk=NzEyMzQ4MDY=,900 屏東縣 屏東市 自由路270號,林秀蓮,(08) 7363011 #2255,sandysky@pntn.mohw.gov.tw,最低標,"未達公告金額之採購，爭議屬政府採購法第31條規定不予發還或追繳押標金之爭議，始得提出申訴。 １本案採購聯絡人：總務室林秀蓮專員 電話：(08)7363011#2255 本案規格聯絡人：外科黃鵬仁醫師 電話：(08)7363011#2206 ２其他應檢附之資格文件： ■押標金：新台幣20,000元整 ■投標廠商聲明書(投標廠商聲明書第八項答「是」者應檢附「職人員利益衝突迴避法第14條第2項公職人員及關係人身分揭露表」) ■招標投標及契約文件 ■投標標價清單 ■領標電子憑據書面明細 ■投標廠商保密切結書 ■查詢押標金同意書 ■退還押標金申請書 ■委託代理出席使用印章授權書 (負責人親自出席免附) ■「廠商參與政府採購可能涉及之法律責任」廠商切結書1 ■「投標廠商應檢附原廠授權代理或經銷證明影本，其有效期限於『開標當日』須為有效。若授權期限於履約期間屆滿者，廠商應於期滿前主動檢附續約證明送交機關備查；如未能持續取得授權，機關得暫停驗收、停止支付貨款或依契約規定終止契約。」 ３規格文件： ■醫療器材許可證(非醫療器材者免附) ：專案進口則檢附有效期限內之核准函。（許可證於開標當日已逾有效期間者，須另檢附向衛生福利部食品藥物管理署辦理展延之證明）。 ■衛材製造廠之QMS/QSD製造許可或登錄號碼。 第1項及第2項請檢附有效期間內之許可證明，如許可證明於開標當日逾有效期間者，應檢附向主管機關申請展延證明及主管機關受理證明，未檢附者視同規格不符。 ■型錄及仿單(該品項無仿單者免附）。 ■中央健康保險署有效的核價證明(如健保代碼、產品型號、許可證字號)。自費品項，請提供健保尚未納入給付之品項代碼。 ※上述文件,如投標廠商有依法令『免』申請核發該項基本資格證明文件之情形者，請主動提出說明。 ４履約期限：廠商應自決標次日( 年 月 日)起至117年05月31日之期間內履行採購標的之供應。 | 未達公告金額之採購，爭議屬政府採購法第31條規定不予發還或追繳押標金之爭議，始得提出申訴。 | １本案採購聯絡人：總務室林秀蓮專員 電話：(08)7363011#2255 本案規格聯絡人：外科黃鵬仁醫師 電話：(08)7363011#2206 ２其他應檢附之資格文件： ■押標金：新台幣20,000元整 ■投標廠商聲明書(投標廠商聲明書第八項答「是」者應檢附「職人員利益衝突迴避法第14條第2項公職人員及關係人身分揭露表」) ■招標投標及契約文件 ■投標標價清單 ■領標電子憑據書面明細 ■投標廠商保密切結書 ■查詢押標金同意書 ■退還押標金申請書 ■委託代理出席使用印章授權書 (負責人親自出席免附) ■「廠商參與政府採購可能涉及之法律責任」廠商切結書1 ■「投標廠商應檢附原廠授權代理或經銷證明影本，其有效期限於『開標當日』須為有效。若授權期限於履約期間屆滿者，廠商應於期滿前主動檢附續約證明送交機關備查；如未能持續取得授權，機關得暫停驗收、停止支付貨款或依契約規定終止契約。」 ３規格文件： ■醫療器材許可證(非醫療器材者免附) ：專案進口則檢附有效期限內之核准函。（許可證於開標當日已逾有效期間者，須另檢附向衛生福利部食品藥物管理署辦理展延之證明）。 ■衛材製造廠之QMS/QSD製造許可或登錄號碼。 第1項及第2項請檢附有效期間內之許可證明，如許可證明於開標當日逾有效期間者，應檢附向主管機關申請展延證明及主管機關受理證明，未檢附者視同規格不符。 ■型錄及仿單(該品項無仿單者免附）。 ■中央健康保險署有效的核價證明(如健保代碼、產品型號、許可證字號)。自費品項，請提供健保尚未納入給付之品項代碼。 ※上述文件,如投標廠商有依法令『免』申請核發該項基本資格證明文件之情形者，請主動提出說明。 ４履約期限：廠商應自決標次日( 年 月 日)起至117年05月31日之期間內履行採購標的之供應。",✅ 已擷取
二極體,公開閱覽,115/05/29,衛生福利部屏東醫院,115GS-03,二極體雷射儀,財物類,115/06/02,"1,462,000",https://web.pcc.gov.tw/prkms/urlSelector/common/tpam?pk=NzEyMzQ4MDY=,900 屏東縣 屏東市 自由路270號,林秀蓮,(08) 7363011 #2255,sandysky@pntn.mohw.gov.tw,最低標,"未達公告金額之採購，爭議屬政府採購法第31條規定不予發還或追繳押標金之爭議，始得提出申訴。 １本案採購聯絡人：總務室林秀蓮專員 電話：(08)7363011#2255 本案規格聯絡人：外科黃鵬仁醫師 電話：(08)7363011#2206 ２其他應檢附之資格文件： ■押標金：新台幣20,000元整 ■投標廠商聲明書(投標廠商聲明書第八項答「是」者應檢附「職人員利益衝突迴避法第14條第2項公職人員及關係人身分揭露表」) ■招標投標及契約文件 ■投標標價清單 ■領標電子憑據書面明細 ■投標廠商保密切結書 ■查詢押標金同意書 ■退還押標金申請書 ■委託代理出席使用印章授權書 (負責人親自出席免附) ■「廠商參與政府採購可能涉及之法律責任」廠商切結書1 ■「投標廠商應檢附原廠授權代理或經銷證明影本，其有效期限於『開標當日』須為有效。若授權期限於履約期間屆滿者，廠商應於期滿前主動檢附續約證明送交機關備查；如未能持續取得授權，機關得暫停驗收、停止支付貨款或依契約規定終止契約。」 ３規格文件： ■醫療器材許可證(非醫療器材者免附) ：專案進口則檢附有效期限內之核准函。（許可證於開標當日已逾有效期間者，須另檢附向衛生福利部食品藥物管理署辦理展延之證明）。 ■衛材製造廠之QMS/QSD製造許可或登錄號碼。 第1項及第2項請檢附有效期間內之許可證明，如許可證明於開標當日逾有效期間者，應檢附向主管機關申請展延證明及主管機關受理證明，未檢附者視同規格不符。 ■型錄及仿單(該品項無仿單者免附）。 ■中央健康保險署有效的核價證明(如健保代碼、產品型號、許可證字號)。自費品項，請提供健保尚未納入給付之品項代碼。 ※上述文件,如投標廠商有依法令『免』申請核發該項基本資格證明文件之情形者，請主動提出說明。 ４履約期限：廠商應自決標次日( 年 月 日)起至117年05月31日之期間內履行採購標的之供應。 | 未達公告金額之採購，爭議屬政府採購法第31條規定不予發還或追繳押標金之爭議，始得提出申訴。 | １本案採購聯絡人：總務室林秀蓮專員 電話：(08)7363011#2255 本案規格聯絡人：外科黃鵬仁醫師 電話：(08)7363011#2206 ２其他應檢附之資格文件： ■押標金：新台幣20,000元整 ■投標廠商聲明書(投標廠商聲明書第八項答「是」者應檢附「職人員利益衝突迴避法第14條第2項公職人員及關係人身分揭露表」) ■招標投標及契約文件 ■投標標價清單 ■領標電子憑據書面明細 ■投標廠商保密切結書 ■查詢押標金同意書 ■退還押標金申請書 ■委託代理出席使用印章授權書 (負責人親自出席免附) ■「廠商參與政府採購可能涉及之法律責任」廠商切結書1 ■「投標廠商應檢附原廠授權代理或經銷證明影本，其有效期限於『開標當日』須為有效。若授權期限於履約期間屆滿者，廠商應於期滿前主動檢附續約證明送交機關備查；如未能持續取得授權，機關得暫停驗收、停止支付貨款或依契約規定終止契約。」 ３規格文件： ■醫療器材許可證(非醫療器材者免附) ：專案進口則檢附有效期限內之核准函。（許可證於開標當日已逾有效期間者，須另檢附向衛生福利部食品藥物管理署辦理展延之證明）。 ■衛材製造廠之QMS/QSD製造許可或登錄號碼。 第1項及第2項請檢附有效期間內之許可證明，如許可證明於開標當日逾有效期間者，應檢附向主管機關申請展延證明及主管機關受理證明，未檢附者視同規格不符。 ■型錄及仿單(該品項無仿單者免附）。 ■中央健康保險署有效的核價證明(如健保代碼、產品型號、許可證字號)。自費品項，請提供健保尚未納入給付之品項代碼。 ※上述文件,如投標廠商有依法令『免』申請核發該項基本資格證明文件之情形者，請主動提出說明。 ４履約期限：廠商應自決標次日( 年 月 日)起至117年05月31日之期間內履行採購標的之供應。",✅ 已擷取
二極體,政府採購預告,115/05/29,衛生福利部屏東醫院,115GS-03,二極體雷射儀,財物類,115/06/02,"1,462,000",https://web.pcc.gov.tw/prkms/urlSelector/common/tpam?pk=NzEyMzQ4MDY=,900 屏東縣 屏東市 自由路270號,林秀蓮,(08) 7363011 #2255,sandysky@pntn.mohw.gov.tw,最低標,"未達公告金額之採購，爭議屬政府採購法第31條規定不予發還或追繳押標金之爭議，始得提出申訴。 １本案採購聯絡人：總務室林秀蓮專員 電話：(08)7363011#2255 本案規格聯絡人：外科黃鵬仁醫師 電話：(08)7363011#2206 ２其他應檢附之資格文件： ■押標金：新台幣20,000元整 ■投標廠商聲明書(投標廠商聲明書第八項答「是」者應檢附「職人員利益衝突迴避法第14條第2項公職人員及關係人身分揭露表」) ■招標投標及契約文件 ■投標標價清單 ■領標電子憑據書面明細 ■投標廠商保密切結書 ■查詢押標金同意書 ■退還押標金申請書 ■委託代理出席使用印章授權書 (負責人親自出席免附) ■「廠商參與政府採購可能涉及之法律責任」廠商切結書1 ■「投標廠商應檢附原廠授權代理或經銷證明影本，其有效期限於『開標當日』須為有效。若授權期限於履約期間屆滿者，廠商應於期滿前主動檢附續約證明送交機關備查；如未能持續取得授權，機關得暫停驗收、停止支付貨款或依契約規定終止契約。」 ３規格文件： ■醫療器材許可證(非醫療器材者免附) ：專案進口則檢附有效期限內之核准函。（許可證於開標當日已逾有效期間者，須另檢附向衛生福利部食品藥物管理署辦理展延之證明）。 ■衛材製造廠之QMS/QSD製造許可或登錄號碼。 第1項及第2項請檢附有效期間內之許可證明，如許可證明於開標當日逾有效期間者，應檢附向主管機關申請展延證明及主管機關受理證明，未檢附者視同規格不符。 ■型錄及仿單(該品項無仿單者免附）。 ■中央健康保險署有效的核價證明(如健保代碼、產品型號、許可證字號)。自費品項，請提供健保尚未納入給付之品項代碼。 ※上述文件,如投標廠商有依法令『免』申請核發該項基本資格證明文件之情形者，請主動提出說明。 ４履約期限：廠商應自決標次日( 年 月 日)起至117年05月31日之期間內履行採購標的之供應。 | 未達公告金額之採購，爭議屬政府採購法第31條規定不予發還或追繳押標金之爭議，始得提出申訴。 | １本案採購聯絡人：總務室林秀蓮專員 電話：(08)7363011#2255 本案規格聯絡人：外科黃鵬仁醫師 電話：(08)7363011#2206 ２其他應檢附之資格文件： ■押標金：新台幣20,000元整 ■投標廠商聲明書(投標廠商聲明書第八項答「是」者應檢附「職人員利益衝突迴避法第14條第2項公職人員及關係人身分揭露表」) ■招標投標及契約文件 ■投標標價清單 ■領標電子憑據書面明細 ■投標廠商保密切結書 ■查詢押標金同意書 ■退還押標金申請書 ■委託代理出席使用印章授權書 (負責人親自出席免附) ■「廠商參與政府採購可能涉及之法律責任」廠商切結書1 ■「投標廠商應檢附原廠授權代理或經銷證明影本，其有效期限於『開標當日』須為有效。若授權期限於履約期間屆滿者，廠商應於期滿前主動檢附續約證明送交機關備查；如未能持續取得授權，機關得暫停驗收、停止支付貨款或依契約規定終止契約。」 ３規格文件： ■醫療器材許可證(非醫療器材者免附) ：專案進口則檢附有效期限內之核准函。（許可證於開標當日已逾有效期間者，須另檢附向衛生福利部食品藥物管理署辦理展延之證明）。 ■衛材製造廠之QMS/QSD製造許可或登錄號碼。 第1項及第2項請檢附有效期間內之許可證明，如許可證明於開標當日逾有效期間者，應檢附向主管機關申請展延證明及主管機關受理證明，未檢附者視同規格不符。 ■型錄及仿單(該品項無仿單者免附）。 ■中央健康保險署有效的核價證明(如健保代碼、產品型號、許可證字號)。自費品項，請提供健保尚未納入給付之品項代碼。 ※上述文件,如投標廠商有依法令『免』申請核發該項基本資格證明文件之情形者，請主動提出說明。 ４履約期限：廠商應自決標次日( 年 月 日)起至117年05月31日之期間內履行採購標的之供應。",✅ 已擷取
二極體,招標公告,115/05/28,臺北榮民總醫院,115C514H,發光二極體式多段倍率裂隙燈含影像系統1套,財物類,115/06/02,"1,300,000",https://web.pcc.gov.tw/prkms/urlSelector/common/tpam?pk=NzEyMzI4Nzg=,112 臺北市 北投區 石牌路2段201號,周政緯,(02) 28757241,cwchou5@vghtpe.gov.tw,最低標,"未達公告金額之採購，爭議屬政府採購法第31條規定不予發還或追繳押標金之爭議，始得提出申訴。 1.其他非屬資格之應備文件：符合規格表規定之相關文件以供審查。 2.郵寄領取:請附大型回郵信封(註明收件人姓名,地址)貼足掛號(含以上)郵資，約70元及標單費用每份新臺幣貳佰元,寄臺北市石牌路二段201號臺北榮總補給室收(信封上請註明購買標單標的名稱及案號),並請自行估計郵遞時間,如延誤投標時效,本院概不負責。 | 未達公告金額之採購，爭議屬政府採購法第31條規定不予發還或追繳押標金之爭議，始得提出申訴。 | 1.其他非屬資格之應備文件：符合規格表規定之相關文件以供審查。 2.郵寄領取:請附大型回郵信封(註明收件人姓名,地址)貼足掛號(含以上)郵資，約70元及標單費用每份新臺幣貳佰元,寄臺北市石牌路二段201號臺北榮總補給室收(信封上請註明購買標單標的名稱及案號),並請自行估計郵遞時間,如延誤投標時效,本院概不負責。",✅ 已擷取
二極體,公開徵求,115/05/28,臺北榮民總醫院,115C514H,發光二極體式多段倍率裂隙燈含影像系統1套,財物類,115/06/02,"1,300,000",https://web.pcc.gov.tw/prkms/urlSelector/common/tpam?pk=NzEyMzI4Nzg=,112 臺北市 北投區 石牌路2段201號,周政緯,(02) 28757241,cwchou5@vghtpe.gov.tw,最低標,"未達公告金額之採購，爭議屬政府採購法第31條規定不予發還或追繳押標金之爭議，始得提出申訴。 1.其他非屬資格之應備文件：符合規格表規定之相關文件以供審查。 2.郵寄領取:請附大型回郵信封(註明收件人姓名,地址)貼足掛號(含以上)郵資，約70元及標單費用每份新臺幣貳佰元,寄臺北市石牌路二段201號臺北榮總補給室收(信封上請註明購買標單標的名稱及案號),並請自行估計郵遞時間,如延誤投標時效,本院概不負責。 | 未達公告金額之採購，爭議屬政府採購法第31條規定不予發還或追繳押標金之爭議，始得提出申訴。 | 1.其他非屬資格之應備文件：符合規格表規定之相關文件以供審查。 2.郵寄領取:請附大型回郵信封(註明收件人姓名,地址)貼足掛號(含以上)郵資，約70元及標單費用每份新臺幣貳佰元,寄臺北市石牌路二段201號臺北榮總補給室收(信封上請註明購買標單標的名稱及案號),並請自行估計郵遞時間,如延誤投標時效,本院概不負責。",✅ 已擷取
二極體,公開閱覽,115/05/28,臺北榮民總醫院,115C514H,發光二極體式多段倍率裂隙燈含影像系統1套,財物類,115/06/02,"1,300,000",https://web.pcc.gov.tw/prkms/urlSelector/common/tpam?pk=NzEyMzI4Nzg=,112 臺北市 北投區 石牌路2段201號,周政緯,(02) 28757241,cwchou5@vghtpe.gov.tw,最低標,"未達公告金額之採購，爭議屬政府採購法第31條規定不予發還或追繳押標金之爭議，始得提出申訴。 1.其他非屬資格之應備文件：符合規格表規定之相關文件以供審查。 2.郵寄領取:請附大型回郵信封(註明收件人姓名,地址)貼足掛號(含以上)郵資，約70元及標單費用每份新臺幣貳佰元,寄臺北市石牌路二段201號臺北榮總補給室收(信封上請註明購買標單標的名稱及案號),並請自行估計郵遞時間,如延誤投標時效,本院概不負責。 | 未達公告金額之採購，爭議屬政府採購法第31條規定不予發還或追繳押標金之爭議，始得提出申訴。 | 1.其他非屬資格之應備文件：符合規格表規定之相關文件以供審查。 2.郵寄領取:請附大型回郵信封(註明收件人姓名,地址)貼足掛號(含以上)郵資，約70元及標單費用每份新臺幣貳佰元,寄臺北市石牌路二段201號臺北榮總補給室收(信封上請註明購買標單標的名稱及案號),並請自行估計郵遞時間,如延誤投標時效,本院概不負責。",✅ 已擷取
二極體,政府採購預告,115/05/28,臺北榮民總醫院,115C514H,發光二極體式多段倍率裂隙燈含影像系統1套,財物類,115/06/02,"1,300,000",https://web.pcc.gov.tw/prkms/urlSelector/common/tpam?pk=NzEyMzI4Nzg=,112 臺北市 北投區 石牌路2段201號,周政緯,(02) 28757241,cwchou5@vghtpe.gov.tw,最低標,"未達公告金額之採購，爭議屬政府採購法第31條規定不予發還或追繳押標金之爭議，始得提出申訴。 1.其他非屬資格之應備文件：符合規格表規定之相關文件以供審查。 2.郵寄領取:請附大型回郵信封(註明收件人姓名,地址)貼足掛號(含以上)郵資，約70元及標單費用每份新臺幣貳佰元,寄臺北市石牌路二段201號臺北榮總補給室收(信封上請註明購買標單標的名稱及案號),並請自行估計郵遞時間,如延誤投標時效,本院概不負責。 | 未達公告金額之採購，爭議屬政府採購法第31條規定不予發還或追繳押標金之爭議，始得提出申訴。 | 1.其他非屬資格之應備文件：符合規格表規定之相關文件以供審查。 2.郵寄領取:請附大型回郵信封(註明收件人姓名,地址)貼足掛號(含以上)郵資，約70元及標單費用每份新臺幣貳佰元,寄臺北市石牌路二段201號臺北榮總補給室收(信封上請註明購買標單標的名稱及案號),並請自行估計郵遞時間,如延誤投標時效,本院概不負責。",✅ 已擷取
二極體,招標公告,115/05/27,臺北市立聯合醫院,115CF20,二極體雷射治療儀,財物類,115/06/08,"2,000,000",https://web.pcc.gov.tw/prkms/urlSelector/common/tpam?pk=NzEyMzIwMjM=,103 臺北市 大同區 鄭州路145號,"朱素枚,中興院區耳鼻喉科陳美齡",(02) 25553000 #2136,A0549@tpech.gov.tw,最低標,[招標文件領取方式及地點]： 1、專人領購：自115年5月27日起至115年6月8日止，在辦公時間內親至臺北市立聯合醫院（臺北市萬華區艋舺大道101號9樓(萬華辦公室總務室採購供應股)）洽購，須繳納工本費每份新臺幣貳佰元整。 廠商對招標文件內容如有疑義，應於等標期之四分之一(不足一日以一日計)期限前，以書面向本機關提出，該期限自公告日或邀標日起算(自115年5月27日08時至5月30日17時止)，若廠商請求釋疑逾招標文件規定期限者，本機關得不予受理，並以書面通知廠商；另本機關最後釋疑之次日起算至截止投標日或資格審查截止收件日之日數，不得少於原等標期之四分之一，其未滿1日者以1日計。 2、函購：工本費貳佰元，自備回郵及信封，郵寄封面註明「購領xx文件」字樣，並請自行考量郵遞時程（10851臺北市萬華區艋舺大道101號9樓總務室）。 3、電子領標：請連線至網址http：//web.pcc.gov.tw/下載標單。 [其他]： 1.詳契約書稿、投標須知、規格表等文件。 2.預定決標日為開標日。(115年6月9日) 3.招標文件規定請將資格、規格及價格文件分別裝訂後，一併裝入投標封套內。 4.業管單位請洽:中興院區耳鼻喉科陳美齡聽力師(02)2552-3234轉9,✅ 已擷取
二極體,公開徵求,115/05/27,臺北市立聯合醫院,115CF20,二極體雷射治療儀,財物類,115/06/08,"2,000,000",https://web.pcc.gov.tw/prkms/urlSelector/common/tpam?pk=NzEyMzIwMjM=,103 臺北市 大同區 鄭州路145號,"朱素枚,中興院區耳鼻喉科陳美齡",(02) 25553000 #2136,A0549@tpech.gov.tw,最低標,[招標文件領取方式及地點]： 1、專人領購：自115年5月27日起至115年6月8日止，在辦公時間內親至臺北市立聯合醫院（臺北市萬華區艋舺大道101號9樓(萬華辦公室總務室採購供應股)）洽購，須繳納工本費每份新臺幣貳佰元整。 廠商對招標文件內容如有疑義，應於等標期之四分之一(不足一日以一日計)期限前，以書面向本機關提出，該期限自公告日或邀標日起算(自115年5月27日08時至5月30日17時止)，若廠商請求釋疑逾招標文件規定期限者，本機關得不予受理，並以書面通知廠商；另本機關最後釋疑之次日起算至截止投標日或資格審查截止收件日之日數，不得少於原等標期之四分之一，其未滿1日者以1日計。 2、函購：工本費貳佰元，自備回郵及信封，郵寄封面註明「購領xx文件」字樣，並請自行考量郵遞時程（10851臺北市萬華區艋舺大道101號9樓總務室）。 3、電子領標：請連線至網址http：//web.pcc.gov.tw/下載標單。 [其他]： 1.詳契約書稿、投標須知、規格表等文件。 2.預定決標日為開標日。(115年6月9日) 3.招標文件規定請將資格、規格及價格文件分別裝訂後，一併裝入投標封套內。 4.業管單位請洽:中興院區耳鼻喉科陳美齡聽力師(02)2552-3234轉9,✅ 已擷取
二極體,公開閱覽,115/05/27,臺北市立聯合醫院,115CF20,二極體雷射治療儀,財物類,115/06/08,"2,000,000",https://web.pcc.gov.tw/prkms/urlSelector/common/tpam?pk=NzEyMzIwMjM=,103 臺北市 大同區 鄭州路145號,"朱素枚,中興院區耳鼻喉科陳美齡",(02) 25553000 #2136,A0549@tpech.gov.tw,最低標,[招標文件領取方式及地點]： 1、專人領購：自115年5月27日起至115年6月8日止，在辦公時間內親至臺北市立聯合醫院（臺北市萬華區艋舺大道101號9樓(萬華辦公室總務室採購供應股)）洽購，須繳納工本費每份新臺幣貳佰元整。 廠商對招標文件內容如有疑義，應於等標期之四分之一(不足一日以一日計)期限前，以書面向本機關提出，該期限自公告日或邀標日起算(自115年5月27日08時至5月30日17時止)，若廠商請求釋疑逾招標文件規定期限者，本機關得不予受理，並以書面通知廠商；另本機關最後釋疑之次日起算至截止投標日或資格審查截止收件日之日數，不得少於原等標期之四分之一，其未滿1日者以1日計。 2、函購：工本費貳佰元，自備回郵及信封，郵寄封面註明「購領xx文件」字樣，並請自行考量郵遞時程（10851臺北市萬華區艋舺大道101號9樓總務室）。 3、電子領標：請連線至網址http：//web.pcc.gov.tw/下載標單。 [其他]： 1.詳契約書稿、投標須知、規格表等文件。 2.預定決標日為開標日。(115年6月9日) 3.招標文件規定請將資格、規格及價格文件分別裝訂後，一併裝入投標封套內。 4.業管單位請洽:中興院區耳鼻喉科陳美齡聽力師(02)2552-3234轉9,✅ 已擷取
二極體,政府採購預告,115/05/27,臺北市立聯合醫院,115CF20,二極體雷射治療儀,財物類,115/06/08,"2,000,000",https://web.pcc.gov.tw/prkms/urlSelector/common/tpam?pk=NzEyMzIwMjM=,103 臺北市 大同區 鄭州路145號,"朱素枚,中興院區耳鼻喉科陳美齡",(02) 25553000 #2136,A0549@tpech.gov.tw,最低標,[招標文件領取方式及地點]： 1、專人領購：自115年5月27日起至115年6月8日止，在辦公時間內親至臺北市立聯合醫院（臺北市萬華區艋舺大道101號9樓(萬華辦公室總務室採購供應股)）洽購，須繳納工本費每份新臺幣貳佰元整。 廠商對招標文件內容如有疑義，應於等標期之四分之一(不足一日以一日計)期限前，以書面向本機關提出，該期限自公告日或邀標日起算(自115年5月27日08時至5月30日17時止)，若廠商請求釋疑逾招標文件規定期限者，本機關得不予受理，並以書面通知廠商；另本機關最後釋疑之次日起算至截止投標日或資格審查截止收件日之日數，不得少於原等標期之四分之一，其未滿1日者以1日計。 2、函購：工本費貳佰元，自備回郵及信封，郵寄封面註明「購領xx文件」字樣，並請自行考量郵遞時程（10851臺北市萬華區艋舺大道101號9樓總務室）。 3、電子領標：請連線至網址http：//web.pcc.gov.tw/下載標單。 [其他]： 1.詳契約書稿、投標須知、規格表等文件。 2.預定決標日為開標日。(115年6月9日) 3.招標文件規定請將資格、規格及價格文件分別裝訂後，一併裝入投標封套內。 4.業管單位請洽:中興院區耳鼻喉科陳美齡聽力師(02)2552-3234轉9,✅ 已擷取
IGBT,招標公告,115/05/26,國營臺灣鐵路股份有限公司富岡機廠,1150602N012,整流器單元用IGBT 65PC,財物類,115/06/02,"1,487,850",https://web.pcc.gov.tw/prkms/urlSelector/common/tpam?pk=NzEyMzAwMjE=,326 桃園市 楊梅區 富豐里富全街1號,林孟科,(03) 4722253 #123,2006960@railway.gov.tw,最低標,未達公告金額之採購，爭議屬政府採購法第31條規定不予發還或追繳押標金之爭議，始得提出申訴。 1. 依廠牌「MITSUBISHI ELECTRIC」件號「CM2400HC-34X」辦理驗收，交貨時須檢附原供應(製造)廠/商/廠商之出廠證明，並具結保證之該證明確實為原供應(製造)廠/商/廠商所提供之出廠證明。 2. 開標未出席者其減價、比減價以棄權論。 3. 公開取得電子報價單投標標價清單(財物採購)之單價、總價及總標價請以含稅報價。 4. 投標廠商若委由代表人出席開標現場，應攜帶出席代表授權書。 5. 交貨地點：桃園市楊梅區富豐里富全街1號(富岡機廠)。 6. 驗收合格日起保固1年，並繳交保固金為契約總價含稅3％。 | 未達公告金額之採購，爭議屬政府採購法第31條規定不予發還或追繳押標金之爭議，始得提出申訴。 | 1. 依廠牌「MITSUBISHI ELECTRIC」件號「CM2400HC-34X」辦理驗收，交貨時須檢附原供應(製造)廠/商/廠商之出廠證明，並具結保證之該證明確實為原供應(製造)廠/商/廠商所提供之出廠證明。 2. 開標未出席者其減價、比減價以棄權論。 3. 公開取得電子報價單投標標價清單(財物採購)之單價、總價及總標價請以含稅報價。 4. 投標廠商若委由代表人出席開標現場，應攜帶出席代表授權書。 5. 交貨地點：桃園市楊梅區富豐里富全街1號(富岡機廠)。 6. 驗收合格日起保固1年，並繳交保固金為契約總價含稅3％。,✅ 已擷取
IGBT,公開徵求,115/05/26,國營臺灣鐵路股份有限公司富岡機廠,1150602N012,整流器單元用IGBT 65PC,財物類,115/06/02,"1,487,850",https://web.pcc.gov.tw/prkms/urlSelector/common/tpam?pk=NzEyMzAwMjE=,326 桃園市 楊梅區 富豐里富全街1號,林孟科,(03) 4722253 #123,2006960@railway.gov.tw,最低標,未達公告金額之採購，爭議屬政府採購法第31條規定不予發還或追繳押標金之爭議，始得提出申訴。 1. 依廠牌「MITSUBISHI ELECTRIC」件號「CM2400HC-34X」辦理驗收，交貨時須檢附原供應(製造)廠/商/廠商之出廠證明，並具結保證之該證明確實為原供應(製造)廠/商/廠商所提供之出廠證明。 2. 開標未出席者其減價、比減價以棄權論。 3. 公開取得電子報價單投標標價清單(財物採購)之單價、總價及總標價請以含稅報價。 4. 投標廠商若委由代表人出席開標現場，應攜帶出席代表授權書。 5. 交貨地點：桃園市楊梅區富豐里富全街1號(富岡機廠)。 6. 驗收合格日起保固1年，並繳交保固金為契約總價含稅3％。 | 未達公告金額之採購，爭議屬政府採購法第31條規定不予發還或追繳押標金之爭議，始得提出申訴。 | 1. 依廠牌「MITSUBISHI ELECTRIC」件號「CM2400HC-34X」辦理驗收，交貨時須檢附原供應(製造)廠/商/廠商之出廠證明，並具結保證之該證明確實為原供應(製造)廠/商/廠商所提供之出廠證明。 2. 開標未出席者其減價、比減價以棄權論。 3. 公開取得電子報價單投標標價清單(財物採購)之單價、總價及總標價請以含稅報價。 4. 投標廠商若委由代表人出席開標現場，應攜帶出席代表授權書。 5. 交貨地點：桃園市楊梅區富豐里富全街1號(富岡機廠)。 6. 驗收合格日起保固1年，並繳交保固金為契約總價含稅3％。,✅ 已擷取
IGBT,公開閱覽,115/05/26,國營臺灣鐵路股份有限公司富岡機廠,1150602N012,整流器單元用IGBT 65PC,財物類,115/06/02,"1,487,850",https://web.pcc.gov.tw/prkms/urlSelector/common/tpam?pk=NzEyMzAwMjE=,326 桃園市 楊梅區 富豐里富全街1號,林孟科,(03) 4722253 #123,2006960@railway.gov.tw,最低標,未達公告金額之採購，爭議屬政府採購法第31條規定不予發還或追繳押標金之爭議，始得提出申訴。 1. 依廠牌「MITSUBISHI ELECTRIC」件號「CM2400HC-34X」辦理驗收，交貨時須檢附原供應(製造)廠/商/廠商之出廠證明，並具結保證之該證明確實為原供應(製造)廠/商/廠商所提供之出廠證明。 2. 開標未出席者其減價、比減價以棄權論。 3. 公開取得電子報價單投標標價清單(財物採購)之單價、總價及總標價請以含稅報價。 4. 投標廠商若委由代表人出席開標現場，應攜帶出席代表授權書。 5. 交貨地點：桃園市楊梅區富豐里富全街1號(富岡機廠)。 6. 驗收合格日起保固1年，並繳交保固金為契約總價含稅3％。 | 未達公告金額之採購，爭議屬政府採購法第31條規定不予發還或追繳押標金之爭議，始得提出申訴。 | 1. 依廠牌「MITSUBISHI ELECTRIC」件號「CM2400HC-34X」辦理驗收，交貨時須檢附原供應(製造)廠/商/廠商之出廠證明，並具結保證之該證明確實為原供應(製造)廠/商/廠商所提供之出廠證明。 2. 開標未出席者其減價、比減價以棄權論。 3. 公開取得電子報價單投標標價清單(財物採購)之單價、總價及總標價請以含稅報價。 4. 投標廠商若委由代表人出席開標現場，應攜帶出席代表授權書。 5. 交貨地點：桃園市楊梅區富豐里富全街1號(富岡機廠)。 6. 驗收合格日起保固1年，並繳交保固金為契約總價含稅3％。,✅ 已擷取
IGBT,政府採購預告,115/05/26,國營臺灣鐵路股份有限公司富岡機廠,1150602N012,整流器單元用IGBT 65PC,財物類,115/06/02,"1,487,850",https://web.pcc.gov.tw/prkms/urlSelector/common/tpam?pk=NzEyMzAwMjE=,326 桃園市 楊梅區 富豐里富全街1號,林孟科,(03) 4722253 #123,2006960@railway.gov.tw,最低標,未達公告金額之採購，爭議屬政府採購法第31條規定不予發還或追繳押標金之爭議，始得提出申訴。 1. 依廠牌「MITSUBISHI ELECTRIC」件號「CM2400HC-34X」辦理驗收，交貨時須檢附原供應(製造)廠/商/廠商之出廠證明，並具結保證之該證明確實為原供應(製造)廠/商/廠商所提供之出廠證明。 2. 開標未出席者其減價、比減價以棄權論。 3. 公開取得電子報價單投標標價清單(財物採購)之單價、總價及總標價請以含稅報價。 4. 投標廠商若委由代表人出席開標現場，應攜帶出席代表授權書。 5. 交貨地點：桃園市楊梅區富豐里富全街1號(富岡機廠)。 6. 驗收合格日起保固1年，並繳交保固金為契約總價含稅3％。 | 未達公告金額之採購，爭議屬政府採購法第31條規定不予發還或追繳押標金之爭議，始得提出申訴。 | 1. 依廠牌「MITSUBISHI ELECTRIC」件號「CM2400HC-34X」辦理驗收，交貨時須檢附原供應(製造)廠/商/廠商之出廠證明，並具結保證之該證明確實為原供應(製造)廠/商/廠商所提供之出廠證明。 2. 開標未出席者其減價、比減價以棄權論。 3. 公開取得電子報價單投標標價清單(財物採購)之單價、總價及總標價請以含稅報價。 4. 投標廠商若委由代表人出席開標現場，應攜帶出席代表授權書。 5. 交貨地點：桃園市楊梅區富豐里富全街1號(富岡機廠)。 6. 驗收合格日起保固1年，並繳交保固金為契約總價含稅3％。,✅ 已擷取
匯流排,招標公告,115/05/25,台灣電力股份有限公司林口發電廠,3201500058,115、116年度中壓斷路器及匯流排設備等檢修工作,勞務類,115/06/09,"8,715,000",https://web.pcc.gov.tw/prkms/urlSelector/common/tpam?pk=NzEyMjg4OTQ=,244 新北市 林口區 下福里139之1號,黃怡樺,(02) 26062221 #3417,u516955@taipower.com.tw,最低標,"1.以上金額均含稅 2.本案採購金額(不含稅) 8,300,000元；預算金額(不含稅) 8,300,000元 [招標文件領取方式及地點]：投標廠商依下列方式擇一領取： 採電子領標：請至「政府採購領投標系統」網址：https：//web.pcc.gov.tw/下載 [招標文件售價及付款方式]：請至「政府採購領投標系統」購買 [收受投標文件地點]：台電林口發電廠供應組(新北市林口區下福里139-1號) [開標地點]：本廠開標室，本案採不分段開標。 [押標金及保證金]：如以金融機構簽發之支票繳交，支票抬頭：台灣電力股份有限公司 [備註]1.本廠非限時專送區請自行估計郵遞送達時間或專人於截標日前寄、送達本廠，逾時寄、送達者，其投標無效。 [備註]2.如派代理人參加開標時，應出具授權書。 [備註]3.廠商對於招標文件如有疑義或異議,得依[政府採購法]之相關規定向台電林口發電廠;地址: 新北市林口區下福里139之1號,電話(02)26062221轉3417 傳真(02)26062261 [備註]4.重行招標：圖說內容更改時，前次領標之廠商可憑舊圖說免費更換。圖說內容未改時，仍免費供給標單等招標文件。電子領標之廠商可憑「電子繳交憑據」逕至網站重新下載更新後之招標文件。 [備註]5.公開招標已公開預算金額（不含加值型營業稅）之標案，廠商標價（不含加值型營業稅）或報價金額（不含加值型營業稅）超過預算金額者（不含加值型營業稅）標單無效。 [備註]6.營利事業登記證不得作為公司登記證明文件或商業登記證明文件，用營利事業登記證作為證明文件者標單無效。 [備註]7. 餘詳招標文件規定。 [備註]8. 投標文字以中文(正體字)為主，但特殊技術或材料之圖文資料得使用英文。",✅ 已擷取
匯流排,公開徵求,115/05/25,台灣電力股份有限公司林口發電廠,3201500058,115、116年度中壓斷路器及匯流排設備等檢修工作,勞務類,115/06/09,"8,715,000",https://web.pcc.gov.tw/prkms/urlSelector/common/tpam?pk=NzEyMjg4OTQ=,244 新北市 林口區 下福里139之1號,黃怡樺,(02) 26062221 #3417,u516955@taipower.com.tw,最低標,"1.以上金額均含稅 2.本案採購金額(不含稅) 8,300,000元；預算金額(不含稅) 8,300,000元 [招標文件領取方式及地點]：投標廠商依下列方式擇一領取： 採電子領標：請至「政府採購領投標系統」網址：https：//web.pcc.gov.tw/下載 [招標文件售價及付款方式]：請至「政府採購領投標系統」購買 [收受投標文件地點]：台電林口發電廠供應組(新北市林口區下福里139-1號) [開標地點]：本廠開標室，本案採不分段開標。 [押標金及保證金]：如以金融機構簽發之支票繳交，支票抬頭：台灣電力股份有限公司 [備註]1.本廠非限時專送區請自行估計郵遞送達時間或專人於截標日前寄、送達本廠，逾時寄、送達者，其投標無效。 [備註]2.如派代理人參加開標時，應出具授權書。 [備註]3.廠商對於招標文件如有疑義或異議,得依[政府採購法]之相關規定向台電林口發電廠;地址: 新北市林口區下福里139之1號,電話(02)26062221轉3417 傳真(02)26062261 [備註]4.重行招標：圖說內容更改時，前次領標之廠商可憑舊圖說免費更換。圖說內容未改時，仍免費供給標單等招標文件。電子領標之廠商可憑「電子繳交憑據」逕至網站重新下載更新後之招標文件。 [備註]5.公開招標已公開預算金額（不含加值型營業稅）之標案，廠商標價（不含加值型營業稅）或報價金額（不含加值型營業稅）超過預算金額者（不含加值型營業稅）標單無效。 [備註]6.營利事業登記證不得作為公司登記證明文件或商業登記證明文件，用營利事業登記證作為證明文件者標單無效。 [備註]7. 餘詳招標文件規定。 [備註]8. 投標文字以中文(正體字)為主，但特殊技術或材料之圖文資料得使用英文。",✅ 已擷取
匯流排,公開閱覽,115/05/25,台灣電力股份有限公司林口發電廠,3201500058,115、116年度中壓斷路器及匯流排設備等檢修工作,勞務類,115/06/09,"8,715,000",https://web.pcc.gov.tw/prkms/urlSelector/common/tpam?pk=NzEyMjg4OTQ=,244 新北市 林口區 下福里139之1號,黃怡樺,(02) 26062221 #3417,u516955@taipower.com.tw,最低標,"1.以上金額均含稅 2.本案採購金額(不含稅) 8,300,000元；預算金額(不含稅) 8,300,000元 [招標文件領取方式及地點]：投標廠商依下列方式擇一領取： 採電子領標：請至「政府採購領投標系統」網址：https：//web.pcc.gov.tw/下載 [招標文件售價及付款方式]：請至「政府採購領投標系統」購買 [收受投標文件地點]：台電林口發電廠供應組(新北市林口區下福里139-1號) [開標地點]：本廠開標室，本案採不分段開標。 [押標金及保證金]：如以金融機構簽發之支票繳交，支票抬頭：台灣電力股份有限公司 [備註]1.本廠非限時專送區請自行估計郵遞送達時間或專人於截標日前寄、送達本廠，逾時寄、送達者，其投標無效。 [備註]2.如派代理人參加開標時，應出具授權書。 [備註]3.廠商對於招標文件如有疑義或異議,得依[政府採購法]之相關規定向台電林口發電廠;地址: 新北市林口區下福里139之1號,電話(02)26062221轉3417 傳真(02)26062261 [備註]4.重行招標：圖說內容更改時，前次領標之廠商可憑舊圖說免費更換。圖說內容未改時，仍免費供給標單等招標文件。電子領標之廠商可憑「電子繳交憑據」逕至網站重新下載更新後之招標文件。 [備註]5.公開招標已公開預算金額（不含加值型營業稅）之標案，廠商標價（不含加值型營業稅）或報價金額（不含加值型營業稅）超過預算金額者（不含加值型營業稅）標單無效。 [備註]6.營利事業登記證不得作為公司登記證明文件或商業登記證明文件，用營利事業登記證作為證明文件者標單無效。 [備註]7. 餘詳招標文件規定。 [備註]8. 投標文字以中文(正體字)為主，但特殊技術或材料之圖文資料得使用英文。",✅ 已擷取
匯流排,政府採購預告,115/05/25,台灣電力股份有限公司林口發電廠,3201500058,115、116年度中壓斷路器及匯流排設備等檢修工作,勞務類,115/06/09,"8,715,000",https://web.pcc.gov.tw/prkms/urlSelector/common/tpam?pk=NzEyMjg4OTQ=,244 新北市 林口區 下福里139之1號,黃怡樺,(02) 26062221 #3417,u516955@taipower.com.tw,最低標,"1.以上金額均含稅 2.本案採購金額(不含稅) 8,300,000元；預算金額(不含稅) 8,300,000元 [招標文件領取方式及地點]：投標廠商依下列方式擇一領取： 採電子領標：請至「政府採購領投標系統」網址：https：//web.pcc.gov.tw/下載 [招標文件售價及付款方式]：請至「政府採購領投標系統」購買 [收受投標文件地點]：台電林口發電廠供應組(新北市林口區下福里139-1號) [開標地點]：本廠開標室，本案採不分段開標。 [押標金及保證金]：如以金融機構簽發之支票繳交，支票抬頭：台灣電力股份有限公司 [備註]1.本廠非限時專送區請自行估計郵遞送達時間或專人於截標日前寄、送達本廠，逾時寄、送達者，其投標無效。 [備註]2.如派代理人參加開標時，應出具授權書。 [備註]3.廠商對於招標文件如有疑義或異議,得依[政府採購法]之相關規定向台電林口發電廠;地址: 新北市林口區下福里139之1號,電話(02)26062221轉3417 傳真(02)26062261 [備註]4.重行招標：圖說內容更改時，前次領標之廠商可憑舊圖說免費更換。圖說內容未改時，仍免費供給標單等招標文件。電子領標之廠商可憑「電子繳交憑據」逕至網站重新下載更新後之招標文件。 [備註]5.公開招標已公開預算金額（不含加值型營業稅）之標案，廠商標價（不含加值型營業稅）或報價金額（不含加值型營業稅）超過預算金額者（不含加值型營業稅）標單無效。 [備註]6.營利事業登記證不得作為公司登記證明文件或商業登記證明文件，用營利事業登記證作為證明文件者標單無效。 [備註]7. 餘詳招標文件規定。 [備註]8. 投標文字以中文(正體字)為主，但特殊技術或材料之圖文資料得使用英文。",✅ 已擷取
二極體,招標公告,115/05/22,衛生福利部屏東醫院,115GS-03,二極體雷射儀,財物類,115/05/26,"1,462,000",https://web.pcc.gov.tw/prkms/urlSelector/common/tpam?pk=NzEyMjY5NDQ=,900 屏東縣 屏東市 自由路270號,林秀蓮,(08) 7363011 #2255,sandysky@pntn.mohw.gov.tw,最低標,"未達公告金額之採購，爭議屬政府採購法第31條規定不予發還或追繳押標金之爭議，始得提出申訴。 １本案採購聯絡人：總務室林秀蓮專員 電話：(08)7363011#2255 本案規格聯絡人：外科黃鵬仁醫師 電話：(08)7363011#2206 ２其他應檢附之資格文件： ■押標金：新台幣20,000元整 ■投標廠商聲明書(投標廠商聲明書第八項答「是」者應檢附「職人員利益衝突迴避法第14條第2項公職人員及關係人身分揭露表」) ■招標投標及契約文件 ■投標標價清單 ■領標電子憑據書面明細 ■投標廠商保密切結書 ■查詢押標金同意書 ■退還押標金申請書 ■委託代理出席使用印章授權書 (負責人親自出席免附) ■「廠商參與政府採購可能涉及之法律責任」廠商切結書1 ■「投標廠商應檢附原廠授權代理或經銷證明影本，其有效期限於『開標當日』須為有效。若授權期限於履約期間屆滿者，廠商應於期滿前主動檢附續約證明送交機關備查；如未能持續取得授權，機關得暫停驗收、停止支付貨款或依契約規定終止契約。」 ３規格文件： ■醫療器材許可證(非醫療器材者免附) ：專案進口則檢附有效期限內之核准函。（許可證於開標當日已逾有效期間者，須另檢附向衛生福利部食品藥物管理署辦理展延之證明）。 ■衛材製造廠之QMS/QSD製造許可或登錄號碼。 第1項及第2項請檢附有效期間內之許可證明，如許可證明於開標當日逾有效期間者，應檢附向主管機關申請展延證明及主管機關受理證明，未檢附者視同規格不符。 ■型錄及仿單(該品項無仿單者免附）。 ■中央健康保險署有效的核價證明(如健保代碼、產品型號、許可證字號)。自費品項，請提供健保尚未納入給付之品項代碼。 ※上述文件,如投標廠商有依法令『免』申請核發該項基本資格證明文件之情形者，請主動提出說明。 ４履約期限：廠商應自決標次日( 年 月 日)起至117年05月31日之期間內履行採購標的之供應。 1150521更正說明 更正機關需求說明書因此延長等標期1日 修正截止日及開標日期 | 未達公告金額之採購，爭議屬政府採購法第31條規定不予發還或追繳押標金之爭議，始得提出申訴。 | １本案採購聯絡人：總務室林秀蓮專員 電話：(08)7363011#2255 本案規格聯絡人：外科黃鵬仁醫師 電話：(08)7363011#2206 ２其他應檢附之資格文件： ■押標金：新台幣20,000元整 ■投標廠商聲明書(投標廠商聲明書第八項答「是」者應檢附「職人員利益衝突迴避法第14條第2項公職人員及關係人身分揭露表」) ■招標投標及契約文件 ■投標標價清單 ■領標電子憑據書面明細 ■投標廠商保密切結書 ■查詢押標金同意書 ■退還押標金申請書 ■委託代理出席使用印章授權書 (負責人親自出席免附) ■「廠商參與政府採購可能涉及之法律責任」廠商切結書1 ■「投標廠商應檢附原廠授權代理或經銷證明影本，其有效期限於『開標當日』須為有效。若授權期限於履約期間屆滿者，廠商應於期滿前主動檢附續約證明送交機關備查；如未能持續取得授權，機關得暫停驗收、停止支付貨款或依契約規定終止契約。」 ３規格文件： ■醫療器材許可證(非醫療器材者免附) ：專案進口則檢附有效期限內之核准函。（許可證於開標當日已逾有效期間者，須另檢附向衛生福利部食品藥物管理署辦理展延之證明）。 ■衛材製造廠之QMS/QSD製造許可或登錄號碼。 第1項及第2項請檢附有效期間內之許可證明，如許可證明於開標當日逾有效期間者，應檢附向主管機關申請展延證明及主管機關受理證明，未檢附者視同規格不符。 ■型錄及仿單(該品項無仿單者免附）。 ■中央健康保險署有效的核價證明(如健保代碼、產品型號、許可證字號)。自費品項，請提供健保尚未納入給付之品項代碼。 ※上述文件,如投標廠商有依法令『免』申請核發該項基本資格證明文件之情形者，請主動提出說明。 ４履約期限：廠商應自決標次日( 年 月 日)起至117年05月31日之期間內履行採購標的之供應。 1150521更正說明 更正機關需求說明書因此延長等標期1日 修正截止日及開標日期",✅ 已擷取
二極體,公開徵求,115/05/22,衛生福利部屏東醫院,115GS-03,二極體雷射儀,財物類,115/05/26,"1,462,000",https://web.pcc.gov.tw/prkms/urlSelector/common/tpam?pk=NzEyMjY5NDQ=,900 屏東縣 屏東市 自由路270號,林秀蓮,(08) 7363011 #2255,sandysky@pntn.mohw.gov.tw,最低標,"未達公告金額之採購，爭議屬政府採購法第31條規定不予發還或追繳押標金之爭議，始得提出申訴。 １本案採購聯絡人：總務室林秀蓮專員 電話：(08)7363011#2255 本案規格聯絡人：外科黃鵬仁醫師 電話：(08)7363011#2206 ２其他應檢附之資格文件： ■押標金：新台幣20,000元整 ■投標廠商聲明書(投標廠商聲明書第八項答「是」者應檢附「職人員利益衝突迴避法第14條第2項公職人員及關係人身分揭露表」) ■招標投標及契約文件 ■投標標價清單 ■領標電子憑據書面明細 ■投標廠商保密切結書 ■查詢押標金同意書 ■退還押標金申請書 ■委託代理出席使用印章授權書 (負責人親自出席免附) ■「廠商參與政府採購可能涉及之法律責任」廠商切結書1 ■「投標廠商應檢附原廠授權代理或經銷證明影本，其有效期限於『開標當日』須為有效。若授權期限於履約期間屆滿者，廠商應於期滿前主動檢附續約證明送交機關備查；如未能持續取得授權，機關得暫停驗收、停止支付貨款或依契約規定終止契約。」 ３規格文件： ■醫療器材許可證(非醫療器材者免附) ：專案進口則檢附有效期限內之核准函。（許可證於開標當日已逾有效期間者，須另檢附向衛生福利部食品藥物管理署辦理展延之證明）。 ■衛材製造廠之QMS/QSD製造許可或登錄號碼。 第1項及第2項請檢附有效期間內之許可證明，如許可證明於開標當日逾有效期間者，應檢附向主管機關申請展延證明及主管機關受理證明，未檢附者視同規格不符。 ■型錄及仿單(該品項無仿單者免附）。 ■中央健康保險署有效的核價證明(如健保代碼、產品型號、許可證字號)。自費品項，請提供健保尚未納入給付之品項代碼。 ※上述文件,如投標廠商有依法令『免』申請核發該項基本資格證明文件之情形者，請主動提出說明。 ４履約期限：廠商應自決標次日( 年 月 日)起至117年05月31日之期間內履行採購標的之供應。 1150521更正說明 更正機關需求說明書因此延長等標期1日 修正截止日及開標日期 | 未達公告金額之採購，爭議屬政府採購法第31條規定不予發還或追繳押標金之爭議，始得提出申訴。 | １本案採購聯絡人：總務室林秀蓮專員 電話：(08)7363011#2255 本案規格聯絡人：外科黃鵬仁醫師 電話：(08)7363011#2206 ２其他應檢附之資格文件： ■押標金：新台幣20,000元整 ■投標廠商聲明書(投標廠商聲明書第八項答「是」者應檢附「職人員利益衝突迴避法第14條第2項公職人員及關係人身分揭露表」) ■招標投標及契約文件 ■投標標價清單 ■領標電子憑據書面明細 ■投標廠商保密切結書 ■查詢押標金同意書 ■退還押標金申請書 ■委託代理出席使用印章授權書 (負責人親自出席免附) ■「廠商參與政府採購可能涉及之法律責任」廠商切結書1 ■「投標廠商應檢附原廠授權代理或經銷證明影本，其有效期限於『開標當日』須為有效。若授權期限於履約期間屆滿者，廠商應於期滿前主動檢附續約證明送交機關備查；如未能持續取得授權，機關得暫停驗收、停止支付貨款或依契約規定終止契約。」 ３規格文件： ■醫療器材許可證(非醫療器材者免附) ：專案進口則檢附有效期限內之核准函。（許可證於開標當日已逾有效期間者，須另檢附向衛生福利部食品藥物管理署辦理展延之證明）。 ■衛材製造廠之QMS/QSD製造許可或登錄號碼。 第1項及第2項請檢附有效期間內之許可證明，如許可證明於開標當日逾有效期間者，應檢附向主管機關申請展延證明及主管機關受理證明，未檢附者視同規格不符。 ■型錄及仿單(該品項無仿單者免附）。 ■中央健康保險署有效的核價證明(如健保代碼、產品型號、許可證字號)。自費品項，請提供健保尚未納入給付之品項代碼。 ※上述文件,如投標廠商有依法令『免』申請核發該項基本資格證明文件之情形者，請主動提出說明。 ４履約期限：廠商應自決標次日( 年 月 日)起至117年05月31日之期間內履行採購標的之供應。 1150521更正說明 更正機關需求說明書因此延長等標期1日 修正截止日及開標日期",✅ 已擷取
二極體,公開閱覽,115/05/22,衛生福利部屏東醫院,115GS-03,二極體雷射儀,財物類,115/05/26,"1,462,000",https://web.pcc.gov.tw/prkms/urlSelector/common/tpam?pk=NzEyMjY5NDQ=,900 屏東縣 屏東市 自由路270號,林秀蓮,(08) 7363011 #2255,sandysky@pntn.mohw.gov.tw,最低標,"未達公告金額之採購，爭議屬政府採購法第31條規定不予發還或追繳押標金之爭議，始得提出申訴。 １本案採購聯絡人：總務室林秀蓮專員 電話：(08)7363011#2255 本案規格聯絡人：外科黃鵬仁醫師 電話：(08)7363011#2206 ２其他應檢附之資格文件： ■押標金：新台幣20,000元整 ■投標廠商聲明書(投標廠商聲明書第八項答「是」者應檢附「職人員利益衝突迴避法第14條第2項公職人員及關係人身分揭露表」) ■招標投標及契約文件 ■投標標價清單 ■領標電子憑據書面明細 ■投標廠商保密切結書 ■查詢押標金同意書 ■退還押標金申請書 ■委託代理出席使用印章授權書 (負責人親自出席免附) ■「廠商參與政府採購可能涉及之法律責任」廠商切結書1 ■「投標廠商應檢附原廠授權代理或經銷證明影本，其有效期限於『開標當日』須為有效。若授權期限於履約期間屆滿者，廠商應於期滿前主動檢附續約證明送交機關備查；如未能持續取得授權，機關得暫停驗收、停止支付貨款或依契約規定終止契約。」 ３規格文件： ■醫療器材許可證(非醫療器材者免附) ：專案進口則檢附有效期限內之核准函。（許可證於開標當日已逾有效期間者，須另檢附向衛生福利部食品藥物管理署辦理展延之證明）。 ■衛材製造廠之QMS/QSD製造許可或登錄號碼。 第1項及第2項請檢附有效期間內之許可證明，如許可證明於開標當日逾有效期間者，應檢附向主管機關申請展延證明及主管機關受理證明，未檢附者視同規格不符。 ■型錄及仿單(該品項無仿單者免附）。 ■中央健康保險署有效的核價證明(如健保代碼、產品型號、許可證字號)。自費品項，請提供健保尚未納入給付之品項代碼。 ※上述文件,如投標廠商有依法令『免』申請核發該項基本資格證明文件之情形者，請主動提出說明。 ４履約期限：廠商應自決標次日( 年 月 日)起至117年05月31日之期間內履行採購標的之供應。 1150521更正說明 更正機關需求說明書因此延長等標期1日 修正截止日及開標日期 | 未達公告金額之採購，爭議屬政府採購法第31條規定不予發還或追繳押標金之爭議，始得提出申訴。 | １本案採購聯絡人：總務室林秀蓮專員 電話：(08)7363011#2255 本案規格聯絡人：外科黃鵬仁醫師 電話：(08)7363011#2206 ２其他應檢附之資格文件： ■押標金：新台幣20,000元整 ■投標廠商聲明書(投標廠商聲明書第八項答「是」者應檢附「職人員利益衝突迴避法第14條第2項公職人員及關係人身分揭露表」) ■招標投標及契約文件 ■投標標價清單 ■領標電子憑據書面明細 ■投標廠商保密切結書 ■查詢押標金同意書 ■退還押標金申請書 ■委託代理出席使用印章授權書 (負責人親自出席免附) ■「廠商參與政府採購可能涉及之法律責任」廠商切結書1 ■「投標廠商應檢附原廠授權代理或經銷證明影本，其有效期限於『開標當日』須為有效。若授權期限於履約期間屆滿者，廠商應於期滿前主動檢附續約證明送交機關備查；如未能持續取得授權，機關得暫停驗收、停止支付貨款或依契約規定終止契約。」 ３規格文件： ■醫療器材許可證(非醫療器材者免附) ：專案進口則檢附有效期限內之核准函。（許可證於開標當日已逾有效期間者，須另檢附向衛生福利部食品藥物管理署辦理展延之證明）。 ■衛材製造廠之QMS/QSD製造許可或登錄號碼。 第1項及第2項請檢附有效期間內之許可證明，如許可證明於開標當日逾有效期間者，應檢附向主管機關申請展延證明及主管機關受理證明，未檢附者視同規格不符。 ■型錄及仿單(該品項無仿單者免附）。 ■中央健康保險署有效的核價證明(如健保代碼、產品型號、許可證字號)。自費品項，請提供健保尚未納入給付之品項代碼。 ※上述文件,如投標廠商有依法令『免』申請核發該項基本資格證明文件之情形者，請主動提出說明。 ４履約期限：廠商應自決標次日( 年 月 日)起至117年05月31日之期間內履行採購標的之供應。 1150521更正說明 更正機關需求說明書因此延長等標期1日 修正截止日及開標日期",✅ 已擷取
二極體,政府採購預告,115/05/22,衛生福利部屏東醫院,115GS-03,二極體雷射儀,財物類,115/05/26,"1,462,000",https://web.pcc.gov.tw/prkms/urlSelector/common/tpam?pk=NzEyMjY5NDQ=,900 屏東縣 屏東市 自由路270號,林秀蓮,(08) 7363011 #2255,sandysky@pntn.mohw.gov.tw,最低標,"未達公告金額之採購，爭議屬政府採購法第31條規定不予發還或追繳押標金之爭議，始得提出申訴。 １本案採購聯絡人：總務室林秀蓮專員 電話：(08)7363011#2255 本案規格聯絡人：外科黃鵬仁醫師 電話：(08)7363011#2206 ２其他應檢附之資格文件： ■押標金：新台幣20,000元整 ■投標廠商聲明書(投標廠商聲明書第八項答「是」者應檢附「職人員利益衝突迴避法第14條第2項公職人員及關係人身分揭露表」) ■招標投標及契約文件 ■投標標價清單 ■領標電子憑據書面明細 ■投標廠商保密切結書 ■查詢押標金同意書 ■退還押標金申請書 ■委託代理出席使用印章授權書 (負責人親自出席免附) ■「廠商參與政府採購可能涉及之法律責任」廠商切結書1 ■「投標廠商應檢附原廠授權代理或經銷證明影本，其有效期限於『開標當日』須為有效。若授權期限於履約期間屆滿者，廠商應於期滿前主動檢附續約證明送交機關備查；如未能持續取得授權，機關得暫停驗收、停止支付貨款或依契約規定終止契約。」 ３規格文件： ■醫療器材許可證(非醫療器材者免附) ：專案進口則檢附有效期限內之核准函。（許可證於開標當日已逾有效期間者，須另檢附向衛生福利部食品藥物管理署辦理展延之證明）。 ■衛材製造廠之QMS/QSD製造許可或登錄號碼。 第1項及第2項請檢附有效期間內之許可證明，如許可證明於開標當日逾有效期間者，應檢附向主管機關申請展延證明及主管機關受理證明，未檢附者視同規格不符。 ■型錄及仿單(該品項無仿單者免附）。 ■中央健康保險署有效的核價證明(如健保代碼、產品型號、許可證字號)。自費品項，請提供健保尚未納入給付之品項代碼。 ※上述文件,如投標廠商有依法令『免』申請核發該項基本資格證明文件之情形者，請主動提出說明。 ４履約期限：廠商應自決標次日( 年 月 日)起至117年05月31日之期間內履行採購標的之供應。 1150521更正說明 更正機關需求說明書因此延長等標期1日 修正截止日及開標日期 | 未達公告金額之採購，爭議屬政府採購法第31條規定不予發還或追繳押標金之爭議，始得提出申訴。 | １本案採購聯絡人：總務室林秀蓮專員 電話：(08)7363011#2255 本案規格聯絡人：外科黃鵬仁醫師 電話：(08)7363011#2206 ２其他應檢附之資格文件： ■押標金：新台幣20,000元整 ■投標廠商聲明書(投標廠商聲明書第八項答「是」者應檢附「職人員利益衝突迴避法第14條第2項公職人員及關係人身分揭露表」) ■招標投標及契約文件 ■投標標價清單 ■領標電子憑據書面明細 ■投標廠商保密切結書 ■查詢押標金同意書 ■退還押標金申請書 ■委託代理出席使用印章授權書 (負責人親自出席免附) ■「廠商參與政府採購可能涉及之法律責任」廠商切結書1 ■「投標廠商應檢附原廠授權代理或經銷證明影本，其有效期限於『開標當日』須為有效。若授權期限於履約期間屆滿者，廠商應於期滿前主動檢附續約證明送交機關備查；如未能持續取得授權，機關得暫停驗收、停止支付貨款或依契約規定終止契約。」 ３規格文件： ■醫療器材許可證(非醫療器材者免附) ：專案進口則檢附有效期限內之核准函。（許可證於開標當日已逾有效期間者，須另檢附向衛生福利部食品藥物管理署辦理展延之證明）。 ■衛材製造廠之QMS/QSD製造許可或登錄號碼。 第1項及第2項請檢附有效期間內之許可證明，如許可證明於開標當日逾有效期間者，應檢附向主管機關申請展延證明及主管機關受理證明，未檢附者視同規格不符。 ■型錄及仿單(該品項無仿單者免附）。 ■中央健康保險署有效的核價證明(如健保代碼、產品型號、許可證字號)。自費品項，請提供健保尚未納入給付之品項代碼。 ※上述文件,如投標廠商有依法令『免』申請核發該項基本資格證明文件之情形者，請主動提出說明。 ４履約期限：廠商應自決標次日( 年 月 日)起至117年05月31日之期間內履行採購標的之供應。 1150521更正說明 更正機關需求說明書因此延長等標期1日 修正截止日及開標日期",✅ 已擷取
二極體,招標公告,115/05/21,衛生福利部屏東醫院,115GS-03,二極體雷射儀,財物類,115/05/25,"1,462,000",https://web.pcc.gov.tw/prkms/urlSelector/common/tpam?pk=NzEyMjY5NDQ=,900 屏東縣 屏東市 自由路270號,林秀蓮,(08) 7363011 #2255,sandysky@pntn.mohw.gov.tw,最低標,"未達公告金額之採購，爭議屬政府採購法第31條規定不予發還或追繳押標金之爭議，始得提出申訴。 １本案採購聯絡人：總務室林秀蓮專員 電話：(08)7363011#2255 本案規格聯絡人：外科黃鵬仁醫師 電話：(08)7363011#2206 ２其他應檢附之資格文件： ■押標金：新台幣20,000元整 ■投標廠商聲明書(投標廠商聲明書第八項答「是」者應檢附「職人員利益衝突迴避法第14條第2項公職人員及關係人身分揭露表」) ■招標投標及契約文件 ■投標標價清單 ■領標電子憑據書面明細 ■投標廠商保密切結書 ■查詢押標金同意書 ■退還押標金申請書 ■委託代理出席使用印章授權書 (負責人親自出席免附) ■「廠商參與政府採購可能涉及之法律責任」廠商切結書1 ■「投標廠商應檢附原廠授權代理或經銷證明影本，其有效期限於『開標當日』須為有效。若授權期限於履約期間屆滿者，廠商應於期滿前主動檢附續約證明送交機關備查；如未能持續取得授權，機關得暫停驗收、停止支付貨款或依契約規定終止契約。」 ３規格文件： ■醫療器材許可證(非醫療器材者免附) ：專案進口則檢附有效期限內之核准函。（許可證於開標當日已逾有效期間者，須另檢附向衛生福利部食品藥物管理署辦理展延之證明）。 ■衛材製造廠之QMS/QSD製造許可或登錄號碼。 第1項及第2項請檢附有效期間內之許可證明，如許可證明於開標當日逾有效期間者，應檢附向主管機關申請展延證明及主管機關受理證明，未檢附者視同規格不符。 ■型錄及仿單(該品項無仿單者免附）。 ■中央健康保險署有效的核價證明(如健保代碼、產品型號、許可證字號)。自費品項，請提供健保尚未納入給付之品項代碼。 ※上述文件,如投標廠商有依法令『免』申請核發該項基本資格證明文件之情形者，請主動提出說明。 ４履約期限：廠商應自決標次日( 年 月 日)起至117年05月31日之期間內履行採購標的之供應。 1150521更正說明 更正機關需求說明書因此延長等標期1日 修正截止日及開標日期 | 未達公告金額之採購，爭議屬政府採購法第31條規定不予發還或追繳押標金之爭議，始得提出申訴。 | １本案採購聯絡人：總務室林秀蓮專員 電話：(08)7363011#2255 本案規格聯絡人：外科黃鵬仁醫師 電話：(08)7363011#2206 ２其他應檢附之資格文件： ■押標金：新台幣20,000元整 ■投標廠商聲明書(投標廠商聲明書第八項答「是」者應檢附「職人員利益衝突迴避法第14條第2項公職人員及關係人身分揭露表」) ■招標投標及契約文件 ■投標標價清單 ■領標電子憑據書面明細 ■投標廠商保密切結書 ■查詢押標金同意書 ■退還押標金申請書 ■委託代理出席使用印章授權書 (負責人親自出席免附) ■「廠商參與政府採購可能涉及之法律責任」廠商切結書1 ■「投標廠商應檢附原廠授權代理或經銷證明影本，其有效期限於『開標當日』須為有效。若授權期限於履約期間屆滿者，廠商應於期滿前主動檢附續約證明送交機關備查；如未能持續取得授權，機關得暫停驗收、停止支付貨款或依契約規定終止契約。」 ３規格文件： ■醫療器材許可證(非醫療器材者免附) ：專案進口則檢附有效期限內之核准函。（許可證於開標當日已逾有效期間者，須另檢附向衛生福利部食品藥物管理署辦理展延之證明）。 ■衛材製造廠之QMS/QSD製造許可或登錄號碼。 第1項及第2項請檢附有效期間內之許可證明，如許可證明於開標當日逾有效期間者，應檢附向主管機關申請展延證明及主管機關受理證明，未檢附者視同規格不符。 ■型錄及仿單(該品項無仿單者免附）。 ■中央健康保險署有效的核價證明(如健保代碼、產品型號、許可證字號)。自費品項，請提供健保尚未納入給付之品項代碼。 ※上述文件,如投標廠商有依法令『免』申請核發該項基本資格證明文件之情形者，請主動提出說明。 ４履約期限：廠商應自決標次日( 年 月 日)起至117年05月31日之期間內履行採購標的之供應。 1150521更正說明 更正機關需求說明書因此延長等標期1日 修正截止日及開標日期",✅ 已擷取
二極體,公開徵求,115/05/21,衛生福利部屏東醫院,115GS-03,二極體雷射儀,財物類,115/05/25,"1,462,000",https://web.pcc.gov.tw/prkms/urlSelector/common/tpam?pk=NzEyMjY5NDQ=,900 屏東縣 屏東市 自由路270號,林秀蓮,(08) 7363011 #2255,sandysky@pntn.mohw.gov.tw,最低標,"未達公告金額之採購，爭議屬政府採購法第31條規定不予發還或追繳押標金之爭議，始得提出申訴。 １本案採購聯絡人：總務室林秀蓮專員 電話：(08)7363011#2255 本案規格聯絡人：外科黃鵬仁醫師 電話：(08)7363011#2206 ２其他應檢附之資格文件： ■押標金：新台幣20,000元整 ■投標廠商聲明書(投標廠商聲明書第八項答「是」者應檢附「職人員利益衝突迴避法第14條第2項公職人員及關係人身分揭露表」) ■招標投標及契約文件 ■投標標價清單 ■領標電子憑據書面明細 ■投標廠商保密切結書 ■查詢押標金同意書 ■退還押標金申請書 ■委託代理出席使用印章授權書 (負責人親自出席免附) ■「廠商參與政府採購可能涉及之法律責任」廠商切結書1 ■「投標廠商應檢附原廠授權代理或經銷證明影本，其有效期限於『開標當日』須為有效。若授權期限於履約期間屆滿者，廠商應於期滿前主動檢附續約證明送交機關備查；如未能持續取得授權，機關得暫停驗收、停止支付貨款或依契約規定終止契約。」 ３規格文件： ■醫療器材許可證(非醫療器材者免附) ：專案進口則檢附有效期限內之核准函。（許可證於開標當日已逾有效期間者，須另檢附向衛生福利部食品藥物管理署辦理展延之證明）。 ■衛材製造廠之QMS/QSD製造許可或登錄號碼。 第1項及第2項請檢附有效期間內之許可證明，如許可證明於開標當日逾有效期間者，應檢附向主管機關申請展延證明及主管機關受理證明，未檢附者視同規格不符。 ■型錄及仿單(該品項無仿單者免附）。 ■中央健康保險署有效的核價證明(如健保代碼、產品型號、許可證字號)。自費品項，請提供健保尚未納入給付之品項代碼。 ※上述文件,如投標廠商有依法令『免』申請核發該項基本資格證明文件之情形者，請主動提出說明。 ４履約期限：廠商應自決標次日( 年 月 日)起至117年05月31日之期間內履行採購標的之供應。 1150521更正說明 更正機關需求說明書因此延長等標期1日 修正截止日及開標日期 | 未達公告金額之採購，爭議屬政府採購法第31條規定不予發還或追繳押標金之爭議，始得提出申訴。 | １本案採購聯絡人：總務室林秀蓮專員 電話：(08)7363011#2255 本案規格聯絡人：外科黃鵬仁醫師 電話：(08)7363011#2206 ２其他應檢附之資格文件： ■押標金：新台幣20,000元整 ■投標廠商聲明書(投標廠商聲明書第八項答「是」者應檢附「職人員利益衝突迴避法第14條第2項公職人員及關係人身分揭露表」) ■招標投標及契約文件 ■投標標價清單 ■領標電子憑據書面明細 ■投標廠商保密切結書 ■查詢押標金同意書 ■退還押標金申請書 ■委託代理出席使用印章授權書 (負責人親自出席免附) ■「廠商參與政府採購可能涉及之法律責任」廠商切結書1 ■「投標廠商應檢附原廠授權代理或經銷證明影本，其有效期限於『開標當日』須為有效。若授權期限於履約期間屆滿者，廠商應於期滿前主動檢附續約證明送交機關備查；如未能持續取得授權，機關得暫停驗收、停止支付貨款或依契約規定終止契約。」 ３規格文件： ■醫療器材許可證(非醫療器材者免附) ：專案進口則檢附有效期限內之核准函。（許可證於開標當日已逾有效期間者，須另檢附向衛生福利部食品藥物管理署辦理展延之證明）。 ■衛材製造廠之QMS/QSD製造許可或登錄號碼。 第1項及第2項請檢附有效期間內之許可證明，如許可證明於開標當日逾有效期間者，應檢附向主管機關申請展延證明及主管機關受理證明，未檢附者視同規格不符。 ■型錄及仿單(該品項無仿單者免附）。 ■中央健康保險署有效的核價證明(如健保代碼、產品型號、許可證字號)。自費品項，請提供健保尚未納入給付之品項代碼。 ※上述文件,如投標廠商有依法令『免』申請核發該項基本資格證明文件之情形者，請主動提出說明。 ４履約期限：廠商應自決標次日( 年 月 日)起至117年05月31日之期間內履行採購標的之供應。 1150521更正說明 更正機關需求說明書因此延長等標期1日 修正截止日及開標日期",✅ 已擷取
二極體,公開閱覽,115/05/21,衛生福利部屏東醫院,115GS-03,二極體雷射儀,財物類,115/05/25,"1,462,000",https://web.pcc.gov.tw/prkms/urlSelector/common/tpam?pk=NzEyMjY5NDQ=,900 屏東縣 屏東市 自由路270號,林秀蓮,(08) 7363011 #2255,sandysky@pntn.mohw.gov.tw,最低標,"未達公告金額之採購，爭議屬政府採購法第31條規定不予發還或追繳押標金之爭議，始得提出申訴。 １本案採購聯絡人：總務室林秀蓮專員 電話：(08)7363011#2255 本案規格聯絡人：外科黃鵬仁醫師 電話：(08)7363011#2206 ２其他應檢附之資格文件： ■押標金：新台幣20,000元整 ■投標廠商聲明書(投標廠商聲明書第八項答「是」者應檢附「職人員利益衝突迴避法第14條第2項公職人員及關係人身分揭露表」) ■招標投標及契約文件 ■投標標價清單 ■領標電子憑據書面明細 ■投標廠商保密切結書 ■查詢押標金同意書 ■退還押標金申請書 ■委託代理出席使用印章授權書 (負責人親自出席免附) ■「廠商參與政府採購可能涉及之法律責任」廠商切結書1 ■「投標廠商應檢附原廠授權代理或經銷證明影本，其有效期限於『開標當日』須為有效。若授權期限於履約期間屆滿者，廠商應於期滿前主動檢附續約證明送交機關備查；如未能持續取得授權，機關得暫停驗收、停止支付貨款或依契約規定終止契約。」 ３規格文件： ■醫療器材許可證(非醫療器材者免附) ：專案進口則檢附有效期限內之核准函。（許可證於開標當日已逾有效期間者，須另檢附向衛生福利部食品藥物管理署辦理展延之證明）。 ■衛材製造廠之QMS/QSD製造許可或登錄號碼。 第1項及第2項請檢附有效期間內之許可證明，如許可證明於開標當日逾有效期間者，應檢附向主管機關申請展延證明及主管機關受理證明，未檢附者視同規格不符。 ■型錄及仿單(該品項無仿單者免附）。 ■中央健康保險署有效的核價證明(如健保代碼、產品型號、許可證字號)。自費品項，請提供健保尚未納入給付之品項代碼。 ※上述文件,如投標廠商有依法令『免』申請核發該項基本資格證明文件之情形者，請主動提出說明。 ４履約期限：廠商應自決標次日( 年 月 日)起至117年05月31日之期間內履行採購標的之供應。 1150521更正說明 更正機關需求說明書因此延長等標期1日 修正截止日及開標日期 | 未達公告金額之採購，爭議屬政府採購法第31條規定不予發還或追繳押標金之爭議，始得提出申訴。 | １本案採購聯絡人：總務室林秀蓮專員 電話：(08)7363011#2255 本案規格聯絡人：外科黃鵬仁醫師 電話：(08)7363011#2206 ２其他應檢附之資格文件： ■押標金：新台幣20,000元整 ■投標廠商聲明書(投標廠商聲明書第八項答「是」者應檢附「職人員利益衝突迴避法第14條第2項公職人員及關係人身分揭露表」) ■招標投標及契約文件 ■投標標價清單 ■領標電子憑據書面明細 ■投標廠商保密切結書 ■查詢押標金同意書 ■退還押標金申請書 ■委託代理出席使用印章授權書 (負責人親自出席免附) ■「廠商參與政府採購可能涉及之法律責任」廠商切結書1 ■「投標廠商應檢附原廠授權代理或經銷證明影本，其有效期限於『開標當日』須為有效。若授權期限於履約期間屆滿者，廠商應於期滿前主動檢附續約證明送交機關備查；如未能持續取得授權，機關得暫停驗收、停止支付貨款或依契約規定終止契約。」 ３規格文件： ■醫療器材許可證(非醫療器材者免附) ：專案進口則檢附有效期限內之核准函。（許可證於開標當日已逾有效期間者，須另檢附向衛生福利部食品藥物管理署辦理展延之證明）。 ■衛材製造廠之QMS/QSD製造許可或登錄號碼。 第1項及第2項請檢附有效期間內之許可證明，如許可證明於開標當日逾有效期間者，應檢附向主管機關申請展延證明及主管機關受理證明，未檢附者視同規格不符。 ■型錄及仿單(該品項無仿單者免附）。 ■中央健康保險署有效的核價證明(如健保代碼、產品型號、許可證字號)。自費品項，請提供健保尚未納入給付之品項代碼。 ※上述文件,如投標廠商有依法令『免』申請核發該項基本資格證明文件之情形者，請主動提出說明。 ４履約期限：廠商應自決標次日( 年 月 日)起至117年05月31日之期間內履行採購標的之供應。 1150521更正說明 更正機關需求說明書因此延長等標期1日 修正截止日及開標日期",✅ 已擷取
二極體,政府採購預告,115/05/21,衛生福利部屏東醫院,115GS-03,二極體雷射儀,財物類,115/05/25,"1,462,000",https://web.pcc.gov.tw/prkms/urlSelector/common/tpam?pk=NzEyMjY5NDQ=,900 屏東縣 屏東市 自由路270號,林秀蓮,(08) 7363011 #2255,sandysky@pntn.mohw.gov.tw,最低標,"未達公告金額之採購，爭議屬政府採購法第31條規定不予發還或追繳押標金之爭議，始得提出申訴。 １本案採購聯絡人：總務室林秀蓮專員 電話：(08)7363011#2255 本案規格聯絡人：外科黃鵬仁醫師 電話：(08)7363011#2206 ２其他應檢附之資格文件： ■押標金：新台幣20,000元整 ■投標廠商聲明書(投標廠商聲明書第八項答「是」者應檢附「職人員利益衝突迴避法第14條第2項公職人員及關係人身分揭露表」) ■招標投標及契約文件 ■投標標價清單 ■領標電子憑據書面明細 ■投標廠商保密切結書 ■查詢押標金同意書 ■退還押標金申請書 ■委託代理出席使用印章授權書 (負責人親自出席免附) ■「廠商參與政府採購可能涉及之法律責任」廠商切結書1 ■「投標廠商應檢附原廠授權代理或經銷證明影本，其有效期限於『開標當日』須為有效。若授權期限於履約期間屆滿者，廠商應於期滿前主動檢附續約證明送交機關備查；如未能持續取得授權，機關得暫停驗收、停止支付貨款或依契約規定終止契約。」 ３規格文件： ■醫療器材許可證(非醫療器材者免附) ：專案進口則檢附有效期限內之核准函。（許可證於開標當日已逾有效期間者，須另檢附向衛生福利部食品藥物管理署辦理展延之證明）。 ■衛材製造廠之QMS/QSD製造許可或登錄號碼。 第1項及第2項請檢附有效期間內之許可證明，如許可證明於開標當日逾有效期間者，應檢附向主管機關申請展延證明及主管機關受理證明，未檢附者視同規格不符。 ■型錄及仿單(該品項無仿單者免附）。 ■中央健康保險署有效的核價證明(如健保代碼、產品型號、許可證字號)。自費品項，請提供健保尚未納入給付之品項代碼。 ※上述文件,如投標廠商有依法令『免』申請核發該項基本資格證明文件之情形者，請主動提出說明。 ４履約期限：廠商應自決標次日( 年 月 日)起至117年05月31日之期間內履行採購標的之供應。 1150521更正說明 更正機關需求說明書因此延長等標期1日 修正截止日及開標日期 | 未達公告金額之採購，爭議屬政府採購法第31條規定不予發還或追繳押標金之爭議，始得提出申訴。 | １本案採購聯絡人：總務室林秀蓮專員 電話：(08)7363011#2255 本案規格聯絡人：外科黃鵬仁醫師 電話：(08)7363011#2206 ２其他應檢附之資格文件： ■押標金：新台幣20,000元整 ■投標廠商聲明書(投標廠商聲明書第八項答「是」者應檢附「職人員利益衝突迴避法第14條第2項公職人員及關係人身分揭露表」) ■招標投標及契約文件 ■投標標價清單 ■領標電子憑據書面明細 ■投標廠商保密切結書 ■查詢押標金同意書 ■退還押標金申請書 ■委託代理出席使用印章授權書 (負責人親自出席免附) ■「廠商參與政府採購可能涉及之法律責任」廠商切結書1 ■「投標廠商應檢附原廠授權代理或經銷證明影本，其有效期限於『開標當日』須為有效。若授權期限於履約期間屆滿者，廠商應於期滿前主動檢附續約證明送交機關備查；如未能持續取得授權，機關得暫停驗收、停止支付貨款或依契約規定終止契約。」 ３規格文件： ■醫療器材許可證(非醫療器材者免附) ：專案進口則檢附有效期限內之核准函。（許可證於開標當日已逾有效期間者，須另檢附向衛生福利部食品藥物管理署辦理展延之證明）。 ■衛材製造廠之QMS/QSD製造許可或登錄號碼。 第1項及第2項請檢附有效期間內之許可證明，如許可證明於開標當日逾有效期間者，應檢附向主管機關申請展延證明及主管機關受理證明，未檢附者視同規格不符。 ■型錄及仿單(該品項無仿單者免附）。 ■中央健康保險署有效的核價證明(如健保代碼、產品型號、許可證字號)。自費品項，請提供健保尚未納入給付之品項代碼。 ※上述文件,如投標廠商有依法令『免』申請核發該項基本資格證明文件之情形者，請主動提出說明。 ４履約期限：廠商應自決標次日( 年 月 日)起至117年05月31日之期間內履行採購標的之供應。 1150521更正說明 更正機關需求說明書因此延長等標期1日 修正截止日及開標日期",✅ 已擷取
IGBT,招標公告,115/05/14,國營臺灣鐵路股份有限公司富岡機廠,1150512N010,IGBT 45PC,財物類,115/05/19,"1,279,152",https://web.pcc.gov.tw/prkms/urlSelector/common/tpam?pk=NzEyMjA2Njg=,326 桃園市 楊梅區 富豐里富全街1號,林孟科,(03) 4722253 #123,2006960@railway.gov.tw,最低標,未達公告金額之採購，爭議屬政府採購法第31條規定不予發還或追繳押標金之爭議，始得提出申訴。 1. 依廠牌「Infineon」件號「FF800R17KP4_B2」辦理驗收，交貨時須檢附原供應(製造)廠/商/廠商之出廠證明，並具結保證之該證明確實為原供應(製造)廠/商/廠商所提供之出廠證明。 2. 開標未出席者其減價、比減價以棄權論。 3. 公開取得電子報價單投標標價清單(財物採購)之單價、總價及總標價請以含稅報價。 4. 投標廠商若委由代表人出席開標現場，應攜帶出席代表授權書。 5. 交貨地點：桃園市楊梅區富豐里富全街1號(富岡機廠)。 6. 驗收合格日起保固1年，並繳交保固金為契約總價含稅3％。 7. 原產地國別排除中國大陸。 | 未達公告金額之採購，爭議屬政府採購法第31條規定不予發還或追繳押標金之爭議，始得提出申訴。 | 1. 依廠牌「Infineon」件號「FF800R17KP4_B2」辦理驗收，交貨時須檢附原供應(製造)廠/商/廠商之出廠證明，並具結保證之該證明確實為原供應(製造)廠/商/廠商所提供之出廠證明。 2. 開標未出席者其減價、比減價以棄權論。 3. 公開取得電子報價單投標標價清單(財物採購)之單價、總價及總標價請以含稅報價。 4. 投標廠商若委由代表人出席開標現場，應攜帶出席代表授權書。 5. 交貨地點：桃園市楊梅區富豐里富全街1號(富岡機廠)。 6. 驗收合格日起保固1年，並繳交保固金為契約總價含稅3％。 7. 原產地國別排除中國大陸。,✅ 已擷取
IGBT,公開徵求,115/05/14,國營臺灣鐵路股份有限公司富岡機廠,1150512N010,IGBT 45PC,財物類,115/05/19,"1,279,152",https://web.pcc.gov.tw/prkms/urlSelector/common/tpam?pk=NzEyMjA2Njg=,326 桃園市 楊梅區 富豐里富全街1號,林孟科,(03) 4722253 #123,2006960@railway.gov.tw,最低標,未達公告金額之採購，爭議屬政府採購法第31條規定不予發還或追繳押標金之爭議，始得提出申訴。 1. 依廠牌「Infineon」件號「FF800R17KP4_B2」辦理驗收，交貨時須檢附原供應(製造)廠/商/廠商之出廠證明，並具結保證之該證明確實為原供應(製造)廠/商/廠商所提供之出廠證明。 2. 開標未出席者其減價、比減價以棄權論。 3. 公開取得電子報價單投標標價清單(財物採購)之單價、總價及總標價請以含稅報價。 4. 投標廠商若委由代表人出席開標現場，應攜帶出席代表授權書。 5. 交貨地點：桃園市楊梅區富豐里富全街1號(富岡機廠)。 6. 驗收合格日起保固1年，並繳交保固金為契約總價含稅3％。 7. 原產地國別排除中國大陸。 | 未達公告金額之採購，爭議屬政府採購法第31條規定不予發還或追繳押標金之爭議，始得提出申訴。 | 1. 依廠牌「Infineon」件號「FF800R17KP4_B2」辦理驗收，交貨時須檢附原供應(製造)廠/商/廠商之出廠證明，並具結保證之該證明確實為原供應(製造)廠/商/廠商所提供之出廠證明。 2. 開標未出席者其減價、比減價以棄權論。 3. 公開取得電子報價單投標標價清單(財物採購)之單價、總價及總標價請以含稅報價。 4. 投標廠商若委由代表人出席開標現場，應攜帶出席代表授權書。 5. 交貨地點：桃園市楊梅區富豐里富全街1號(富岡機廠)。 6. 驗收合格日起保固1年，並繳交保固金為契約總價含稅3％。 7. 原產地國別排除中國大陸。,✅ 已擷取
IGBT,公開閱覽,115/05/14,國營臺灣鐵路股份有限公司富岡機廠,1150512N010,IGBT 45PC,財物類,115/05/19,"1,279,152",https://web.pcc.gov.tw/prkms/urlSelector/common/tpam?pk=NzEyMjA2Njg=,326 桃園市 楊梅區 富豐里富全街1號,林孟科,(03) 4722253 #123,2006960@railway.gov.tw,最低標,未達公告金額之採購，爭議屬政府採購法第31條規定不予發還或追繳押標金之爭議，始得提出申訴。 1. 依廠牌「Infineon」件號「FF800R17KP4_B2」辦理驗收，交貨時須檢附原供應(製造)廠/商/廠商之出廠證明，並具結保證之該證明確實為原供應(製造)廠/商/廠商所提供之出廠證明。 2. 開標未出席者其減價、比減價以棄權論。 3. 公開取得電子報價單投標標價清單(財物採購)之單價、總價及總標價請以含稅報價。 4. 投標廠商若委由代表人出席開標現場，應攜帶出席代表授權書。 5. 交貨地點：桃園市楊梅區富豐里富全街1號(富岡機廠)。 6. 驗收合格日起保固1年，並繳交保固金為契約總價含稅3％。 7. 原產地國別排除中國大陸。 | 未達公告金額之採購，爭議屬政府採購法第31條規定不予發還或追繳押標金之爭議，始得提出申訴。 | 1. 依廠牌「Infineon」件號「FF800R17KP4_B2」辦理驗收，交貨時須檢附原供應(製造)廠/商/廠商之出廠證明，並具結保證之該證明確實為原供應(製造)廠/商/廠商所提供之出廠證明。 2. 開標未出席者其減價、比減價以棄權論。 3. 公開取得電子報價單投標標價清單(財物採購)之單價、總價及總標價請以含稅報價。 4. 投標廠商若委由代表人出席開標現場，應攜帶出席代表授權書。 5. 交貨地點：桃園市楊梅區富豐里富全街1號(富岡機廠)。 6. 驗收合格日起保固1年，並繳交保固金為契約總價含稅3％。 7. 原產地國別排除中國大陸。,✅ 已擷取
IGBT,政府採購預告,115/05/14,國營臺灣鐵路股份有限公司富岡機廠,1150512N010,IGBT 45PC,財物類,115/05/19,"1,279,152",https://web.pcc.gov.tw/prkms/urlSelector/common/tpam?pk=NzEyMjA2Njg=,326 桃園市 楊梅區 富豐里富全街1號,林孟科,(03) 4722253 #123,2006960@railway.gov.tw,最低標,未達公告金額之採購，爭議屬政府採購法第31條規定不予發還或追繳押標金之爭議，始得提出申訴。 1. 依廠牌「Infineon」件號「FF800R17KP4_B2」辦理驗收，交貨時須檢附原供應(製造)廠/商/廠商之出廠證明，並具結保證之該證明確實為原供應(製造)廠/商/廠商所提供之出廠證明。 2. 開標未出席者其減價、比減價以棄權論。 3. 公開取得電子報價單投標標價清單(財物採購)之單價、總價及總標價請以含稅報價。 4. 投標廠商若委由代表人出席開標現場，應攜帶出席代表授權書。 5. 交貨地點：桃園市楊梅區富豐里富全街1號(富岡機廠)。 6. 驗收合格日起保固1年，並繳交保固金為契約總價含稅3％。 7. 原產地國別排除中國大陸。 | 未達公告金額之採購，爭議屬政府採購法第31條規定不予發還或追繳押標金之爭議，始得提出申訴。 | 1. 依廠牌「Infineon」件號「FF800R17KP4_B2」辦理驗收，交貨時須檢附原供應(製造)廠/商/廠商之出廠證明，並具結保證之該證明確實為原供應(製造)廠/商/廠商所提供之出廠證明。 2. 開標未出席者其減價、比減價以棄權論。 3. 公開取得電子報價單投標標價清單(財物採購)之單價、總價及總標價請以含稅報價。 4. 投標廠商若委由代表人出席開標現場，應攜帶出席代表授權書。 5. 交貨地點：桃園市楊梅區富豐里富全街1號(富岡機廠)。 6. 驗收合格日起保固1年，並繳交保固金為契約總價含稅3％。 7. 原產地國別排除中國大陸。,✅ 已擷取
二極體,招標公告,115/05/08,臺北榮民總醫院,115C514H,發光二極體式多段倍率裂隙燈含影像系統1套,財物類,115/05/26,"1,300,000",https://web.pcc.gov.tw/prkms/urlSelector/common/tpam?pk=NzEyMTUyMzE=,112 臺北市 北投區 石牌路2段201號,周政緯,(02) 28757241,cwchou5@vghtpe.gov.tw,最低標,"未達公告金額之採購，爭議屬政府採購法第31條規定不予發還或追繳押標金之爭議，始得提出申訴。 1.其他非屬資格之應備文件：符合規格表規定之相關文件以供審查。 2.郵寄領取:請附大型回郵信封(註明收件人姓名,地址)貼足掛號(含以上)郵資，約70元及標單費用每份新臺幣貳佰元,寄臺北市石牌路二段201號臺北榮總補給室收(信封上請註明購買標單標的名稱及案號),並請自行估計郵遞時間,如延誤投標時效,本院概不負責。 | 未達公告金額之採購，爭議屬政府採購法第31條規定不予發還或追繳押標金之爭議，始得提出申訴。 | 1.其他非屬資格之應備文件：符合規格表規定之相關文件以供審查。 2.郵寄領取:請附大型回郵信封(註明收件人姓名,地址)貼足掛號(含以上)郵資，約70元及標單費用每份新臺幣貳佰元,寄臺北市石牌路二段201號臺北榮總補給室收(信封上請註明購買標單標的名稱及案號),並請自行估計郵遞時間,如延誤投標時效,本院概不負責。",✅ 已擷取
二極體,招標公告,115/05/08,國防部軍醫局,NB15090P073,二極體雷射等3項,財物類,115/05/18,"1,550,000",https://web.pcc.gov.tw/prkms/urlSelector/common/tpam?pk=NzEyMTQwMDI=,802 高雄市 苓雅區 中正一路2號,胡志平,(07) 7493323,procurement802@mail.802.org.tw,最低標,一、本案預算已公開，依行政院公共工程委員會96年10月02日工程企字09600396110號函規定：標價超過預算者為不合格標，不予減價機會。 二、決標原則：本案採訂有底價方式辦理，並以合於招標文件規定，且在底價以內之最低標為得標廠商。 三、現場領標及投標地點：本院2樓採購室（高雄市苓雅區中正一路二號）。 四、投標方式： （一）採現場方式投標：由廠商攜投標文件至高雄市中正一路二號本院採購室。 （二）採郵遞方式投標：由廠商將投標文件逕寄「鳳山郵政23 之151號信箱」。逾郵遞投標截止期限寄達者(以本院(招標單位)取件郵局落地郵戳或收件登錄時間為憑)之投標文件及押標金退還，不予審驗，招標單位影印投標封存案備查。,✅ 已擷取
二極體,公開徵求,115/05/08,臺北榮民總醫院,115C514H,發光二極體式多段倍率裂隙燈含影像系統1套,財物類,115/05/26,"1,300,000",https://web.pcc.gov.tw/prkms/urlSelector/common/tpam?pk=NzEyMTUyMzE=,112 臺北市 北投區 石牌路2段201號,周政緯,(02) 28757241,cwchou5@vghtpe.gov.tw,最低標,"未達公告金額之採購，爭議屬政府採購法第31條規定不予發還或追繳押標金之爭議，始得提出申訴。 1.其他非屬資格之應備文件：符合規格表規定之相關文件以供審查。 2.郵寄領取:請附大型回郵信封(註明收件人姓名,地址)貼足掛號(含以上)郵資，約70元及標單費用每份新臺幣貳佰元,寄臺北市石牌路二段201號臺北榮總補給室收(信封上請註明購買標單標的名稱及案號),並請自行估計郵遞時間,如延誤投標時效,本院概不負責。 | 未達公告金額之採購，爭議屬政府採購法第31條規定不予發還或追繳押標金之爭議，始得提出申訴。 | 1.其他非屬資格之應備文件：符合規格表規定之相關文件以供審查。 2.郵寄領取:請附大型回郵信封(註明收件人姓名,地址)貼足掛號(含以上)郵資，約70元及標單費用每份新臺幣貳佰元,寄臺北市石牌路二段201號臺北榮總補給室收(信封上請註明購買標單標的名稱及案號),並請自行估計郵遞時間,如延誤投標時效,本院概不負責。",✅ 已擷取
二極體,公開徵求,115/05/08,國防部軍醫局,NB15090P073,二極體雷射等3項,財物類,115/05/18,"1,550,000",https://web.pcc.gov.tw/prkms/urlSelector/common/tpam?pk=NzEyMTQwMDI=,802 高雄市 苓雅區 中正一路2號,胡志平,(07) 7493323,procurement802@mail.802.org.tw,最低標,一、本案預算已公開，依行政院公共工程委員會96年10月02日工程企字09600396110號函規定：標價超過預算者為不合格標，不予減價機會。 二、決標原則：本案採訂有底價方式辦理，並以合於招標文件規定，且在底價以內之最低標為得標廠商。 三、現場領標及投標地點：本院2樓採購室（高雄市苓雅區中正一路二號）。 四、投標方式： （一）採現場方式投標：由廠商攜投標文件至高雄市中正一路二號本院採購室。 （二）採郵遞方式投標：由廠商將投標文件逕寄「鳳山郵政23 之151號信箱」。逾郵遞投標截止期限寄達者(以本院(招標單位)取件郵局落地郵戳或收件登錄時間為憑)之投標文件及押標金退還，不予審驗，招標單位影印投標封存案備查。,✅ 已擷取
二極體,公開閱覽,115/05/08,臺北榮民總醫院,115C514H,發光二極體式多段倍率裂隙燈含影像系統1套,財物類,115/05/26,"1,300,000",https://web.pcc.gov.tw/prkms/urlSelector/common/tpam?pk=NzEyMTUyMzE=,112 臺北市 北投區 石牌路2段201號,周政緯,(02) 28757241,cwchou5@vghtpe.gov.tw,最低標,"未達公告金額之採購，爭議屬政府採購法第31條規定不予發還或追繳押標金之爭議，始得提出申訴。 1.其他非屬資格之應備文件：符合規格表規定之相關文件以供審查。 2.郵寄領取:請附大型回郵信封(註明收件人姓名,地址)貼足掛號(含以上)郵資，約70元及標單費用每份新臺幣貳佰元,寄臺北市石牌路二段201號臺北榮總補給室收(信封上請註明購買標單標的名稱及案號),並請自行估計郵遞時間,如延誤投標時效,本院概不負責。 | 未達公告金額之採購，爭議屬政府採購法第31條規定不予發還或追繳押標金之爭議，始得提出申訴。 | 1.其他非屬資格之應備文件：符合規格表規定之相關文件以供審查。 2.郵寄領取:請附大型回郵信封(註明收件人姓名,地址)貼足掛號(含以上)郵資，約70元及標單費用每份新臺幣貳佰元,寄臺北市石牌路二段201號臺北榮總補給室收(信封上請註明購買標單標的名稱及案號),並請自行估計郵遞時間,如延誤投標時效,本院概不負責。",✅ 已擷取
二極體,公開閱覽,115/05/08,國防部軍醫局,NB15090P073,二極體雷射等3項,財物類,115/05/18,"1,550,000",https://web.pcc.gov.tw/prkms/urlSelector/common/tpam?pk=NzEyMTQwMDI=,802 高雄市 苓雅區 中正一路2號,胡志平,(07) 7493323,procurement802@mail.802.org.tw,最低標,一、本案預算已公開，依行政院公共工程委員會96年10月02日工程企字09600396110號函規定：標價超過預算者為不合格標，不予減價機會。 二、決標原則：本案採訂有底價方式辦理，並以合於招標文件規定，且在底價以內之最低標為得標廠商。 三、現場領標及投標地點：本院2樓採購室（高雄市苓雅區中正一路二號）。 四、投標方式： （一）採現場方式投標：由廠商攜投標文件至高雄市中正一路二號本院採購室。 （二）採郵遞方式投標：由廠商將投標文件逕寄「鳳山郵政23 之151號信箱」。逾郵遞投標截止期限寄達者(以本院(招標單位)取件郵局落地郵戳或收件登錄時間為憑)之投標文件及押標金退還，不予審驗，招標單位影印投標封存案備查。,✅ 已擷取
二極體,政府採購預告,115/05/08,臺北榮民總醫院,115C514H,發光二極體式多段倍率裂隙燈含影像系統1套,財物類,115/05/26,"1,300,000",https://web.pcc.gov.tw/prkms/urlSelector/common/tpam?pk=NzEyMTUyMzE=,112 臺北市 北投區 石牌路2段201號,周政緯,(02) 28757241,cwchou5@vghtpe.gov.tw,最低標,"未達公告金額之採購，爭議屬政府採購法第31條規定不予發還或追繳押標金之爭議，始得提出申訴。 1.其他非屬資格之應備文件：符合規格表規定之相關文件以供審查。 2.郵寄領取:請附大型回郵信封(註明收件人姓名,地址)貼足掛號(含以上)郵資，約70元及標單費用每份新臺幣貳佰元,寄臺北市石牌路二段201號臺北榮總補給室收(信封上請註明購買標單標的名稱及案號),並請自行估計郵遞時間,如延誤投標時效,本院概不負責。 | 未達公告金額之採購，爭議屬政府採購法第31條規定不予發還或追繳押標金之爭議，始得提出申訴。 | 1.其他非屬資格之應備文件：符合規格表規定之相關文件以供審查。 2.郵寄領取:請附大型回郵信封(註明收件人姓名,地址)貼足掛號(含以上)郵資，約70元及標單費用每份新臺幣貳佰元,寄臺北市石牌路二段201號臺北榮總補給室收(信封上請註明購買標單標的名稱及案號),並請自行估計郵遞時間,如延誤投標時效,本院概不負責。",✅ 已擷取
二極體,政府採購預告,115/05/08,國防部軍醫局,NB15090P073,二極體雷射等3項,財物類,115/05/18,"1,550,000",https://web.pcc.gov.tw/prkms/urlSelector/common/tpam?pk=NzEyMTQwMDI=,802 高雄市 苓雅區 中正一路2號,胡志平,(07) 7493323,procurement802@mail.802.org.tw,最低標,一、本案預算已公開，依行政院公共工程委員會96年10月02日工程企字09600396110號函規定：標價超過預算者為不合格標，不予減價機會。 二、決標原則：本案採訂有底價方式辦理，並以合於招標文件規定，且在底價以內之最低標為得標廠商。 三、現場領標及投標地點：本院2樓採購室（高雄市苓雅區中正一路二號）。 四、投標方式： （一）採現場方式投標：由廠商攜投標文件至高雄市中正一路二號本院採購室。 （二）採郵遞方式投標：由廠商將投標文件逕寄「鳳山郵政23 之151號信箱」。逾郵遞投標截止期限寄達者(以本院(招標單位)取件郵局落地郵戳或收件登錄時間為憑)之投標文件及押標金退還，不予審驗，招標單位影印投標封存案備查。,✅ 已擷取
二極體,招標公告,115/05/07,衛生福利部桃園醫院,TYGH115016,大腸直腸外科-二極體三代雷射光纖採購案,財物類,115/05/20,"2,799,960",https://web.pcc.gov.tw/prkms/urlSelector/common/tpam?pk=NzEyMTI4NDA=,,,,,,,🛑 觸發驗證碼
二極體,公開徵求,115/05/07,衛生福利部桃園醫院,TYGH115016,大腸直腸外科-二極體三代雷射光纖採購案,財物類,115/05/20,"2,799,960",https://web.pcc.gov.tw/prkms/urlSelector/common/tpam?pk=NzEyMTI4NDA=,,,,,,,🛑 觸發驗證碼
二極體,公開閱覽,115/05/07,衛生福利部桃園醫院,TYGH115016,大腸直腸外科-二極體三代雷射光纖採購案,財物類,115/05/20,"2,799,960",https://web.pcc.gov.tw/prkms/urlSelector/common/tpam?pk=NzEyMTI4NDA=,,,,,,,🛑 觸發驗證碼
二極體,政府採購預告,115/05/07,衛生福利部桃園醫院,TYGH115016,大腸直腸外科-二極體三代雷射光纖採購案,財物類,115/05/20,"2,799,960",https://web.pcc.gov.tw/prkms/urlSelector/common/tpam?pk=NzEyMTI4NDA=,,,,,,,🛑 觸發驗證碼
IGBT,招標公告,115/05/05,國營臺灣鐵路股份有限公司富岡機廠,1150512N010,IGBT 45PC,財物類,115/05/12,"1,279,152",https://web.pcc.gov.tw/prkms/urlSelector/common/tpam?pk=NzEyMDc4MjU=,326 桃園市 楊梅區 富豐里富全街1號,林孟科,(03) 4722253 #123,2006960@railway.gov.tw,最低標,未達公告金額之採購，爭議屬政府採購法第31條規定不予發還或追繳押標金之爭議，始得提出申訴。 1. 依廠牌「Infineon」件號「FF800R17KP4_B2」辦理驗收，交貨時須檢附原供應(製造)廠/商/廠商之出廠證明，並具結保證之該證明確實為原供應(製造)廠/商/廠商所提供之出廠證明。 2. 開標未出席者其減價、比減價以棄權論。 3. 公開取得電子報價單投標標價清單(財物採購)之單價、總價及總標價請以含稅報價。 4. 投標廠商若委由代表人出席開標現場，應攜帶出席代表授權書。 5. 交貨地點：桃園市楊梅區富豐里富全街1號(富岡機廠)。 6. 驗收合格日起保固1年，並繳交保固金為契約總價含稅3％。 7. 原產地國別排除中國大陸。 | 未達公告金額之採購，爭議屬政府採購法第31條規定不予發還或追繳押標金之爭議，始得提出申訴。 | 1. 依廠牌「Infineon」件號「FF800R17KP4_B2」辦理驗收，交貨時須檢附原供應(製造)廠/商/廠商之出廠證明，並具結保證之該證明確實為原供應(製造)廠/商/廠商所提供之出廠證明。 2. 開標未出席者其減價、比減價以棄權論。 3. 公開取得電子報價單投標標價清單(財物採購)之單價、總價及總標價請以含稅報價。 4. 投標廠商若委由代表人出席開標現場，應攜帶出席代表授權書。 5. 交貨地點：桃園市楊梅區富豐里富全街1號(富岡機廠)。 6. 驗收合格日起保固1年，並繳交保固金為契約總價含稅3％。 7. 原產地國別排除中國大陸。,✅ 已擷取
IGBT,公開徵求,115/05/05,國營臺灣鐵路股份有限公司富岡機廠,1150512N010,IGBT 45PC,財物類,115/05/12,"1,279,152",https://web.pcc.gov.tw/prkms/urlSelector/common/tpam?pk=NzEyMDc4MjU=,326 桃園市 楊梅區 富豐里富全街1號,林孟科,(03) 4722253 #123,2006960@railway.gov.tw,最低標,未達公告金額之採購，爭議屬政府採購法第31條規定不予發還或追繳押標金之爭議，始得提出申訴。 1. 依廠牌「Infineon」件號「FF800R17KP4_B2」辦理驗收，交貨時須檢附原供應(製造)廠/商/廠商之出廠證明，並具結保證之該證明確實為原供應(製造)廠/商/廠商所提供之出廠證明。 2. 開標未出席者其減價、比減價以棄權論。 3. 公開取得電子報價單投標標價清單(財物採購)之單價、總價及總標價請以含稅報價。 4. 投標廠商若委由代表人出席開標現場，應攜帶出席代表授權書。 5. 交貨地點：桃園市楊梅區富豐里富全街1號(富岡機廠)。 6. 驗收合格日起保固1年，並繳交保固金為契約總價含稅3％。 7. 原產地國別排除中國大陸。 | 未達公告金額之採購，爭議屬政府採購法第31條規定不予發還或追繳押標金之爭議，始得提出申訴。 | 1. 依廠牌「Infineon」件號「FF800R17KP4_B2」辦理驗收，交貨時須檢附原供應(製造)廠/商/廠商之出廠證明，並具結保證之該證明確實為原供應(製造)廠/商/廠商所提供之出廠證明。 2. 開標未出席者其減價、比減價以棄權論。 3. 公開取得電子報價單投標標價清單(財物採購)之單價、總價及總標價請以含稅報價。 4. 投標廠商若委由代表人出席開標現場，應攜帶出席代表授權書。 5. 交貨地點：桃園市楊梅區富豐里富全街1號(富岡機廠)。 6. 驗收合格日起保固1年，並繳交保固金為契約總價含稅3％。 7. 原產地國別排除中國大陸。,✅ 已擷取
IGBT,公開閱覽,115/05/05,國營臺灣鐵路股份有限公司富岡機廠,1150512N010,IGBT 45PC,財物類,115/05/12,"1,279,152",https://web.pcc.gov.tw/prkms/urlSelector/common/tpam?pk=NzEyMDc4MjU=,326 桃園市 楊梅區 富豐里富全街1號,林孟科,(03) 4722253 #123,2006960@railway.gov.tw,最低標,未達公告金額之採購，爭議屬政府採購法第31條規定不予發還或追繳押標金之爭議，始得提出申訴。 1. 依廠牌「Infineon」件號「FF800R17KP4_B2」辦理驗收，交貨時須檢附原供應(製造)廠/商/廠商之出廠證明，並具結保證之該證明確實為原供應(製造)廠/商/廠商所提供之出廠證明。 2. 開標未出席者其減價、比減價以棄權論。 3. 公開取得電子報價單投標標價清單(財物採購)之單價、總價及總標價請以含稅報價。 4. 投標廠商若委由代表人出席開標現場，應攜帶出席代表授權書。 5. 交貨地點：桃園市楊梅區富豐里富全街1號(富岡機廠)。 6. 驗收合格日起保固1年，並繳交保固金為契約總價含稅3％。 7. 原產地國別排除中國大陸。 | 未達公告金額之採購，爭議屬政府採購法第31條規定不予發還或追繳押標金之爭議，始得提出申訴。 | 1. 依廠牌「Infineon」件號「FF800R17KP4_B2」辦理驗收，交貨時須檢附原供應(製造)廠/商/廠商之出廠證明，並具結保證之該證明確實為原供應(製造)廠/商/廠商所提供之出廠證明。 2. 開標未出席者其減價、比減價以棄權論。 3. 公開取得電子報價單投標標價清單(財物採購)之單價、總價及總標價請以含稅報價。 4. 投標廠商若委由代表人出席開標現場，應攜帶出席代表授權書。 5. 交貨地點：桃園市楊梅區富豐里富全街1號(富岡機廠)。 6. 驗收合格日起保固1年，並繳交保固金為契約總價含稅3％。 7. 原產地國別排除中國大陸。,✅ 已擷取
IGBT,政府採購預告,115/05/05,國營臺灣鐵路股份有限公司富岡機廠,1150512N010,IGBT 45PC,財物類,115/05/12,"1,279,152",https://web.pcc.gov.tw/prkms/urlSelector/common/tpam?pk=NzEyMDc4MjU=,326 桃園市 楊梅區 富豐里富全街1號,林孟科,(03) 4722253 #123,2006960@railway.gov.tw,最低標,未達公告金額之採購，爭議屬政府採購法第31條規定不予發還或追繳押標金之爭議，始得提出申訴。 1. 依廠牌「Infineon」件號「FF800R17KP4_B2」辦理驗收，交貨時須檢附原供應(製造)廠/商/廠商之出廠證明，並具結保證之該證明確實為原供應(製造)廠/商/廠商所提供之出廠證明。 2. 開標未出席者其減價、比減價以棄權論。 3. 公開取得電子報價單投標標價清單(財物採購)之單價、總價及總標價請以含稅報價。 4. 投標廠商若委由代表人出席開標現場，應攜帶出席代表授權書。 5. 交貨地點：桃園市楊梅區富豐里富全街1號(富岡機廠)。 6. 驗收合格日起保固1年，並繳交保固金為契約總價含稅3％。 7. 原產地國別排除中國大陸。 | 未達公告金額之採購，爭議屬政府採購法第31條規定不予發還或追繳押標金之爭議，始得提出申訴。 | 1. 依廠牌「Infineon」件號「FF800R17KP4_B2」辦理驗收，交貨時須檢附原供應(製造)廠/商/廠商之出廠證明，並具結保證之該證明確實為原供應(製造)廠/商/廠商所提供之出廠證明。 2. 開標未出席者其減價、比減價以棄權論。 3. 公開取得電子報價單投標標價清單(財物採購)之單價、總價及總標價請以含稅報價。 4. 投標廠商若委由代表人出席開標現場，應攜帶出席代表授權書。 5. 交貨地點：桃園市楊梅區富豐里富全街1號(富岡機廠)。 6. 驗收合格日起保固1年，並繳交保固金為契約總價含稅3％。 7. 原產地國別排除中國大陸。,✅ 已擷取
二極體,招標公告,115/05/04,臺北榮民總醫院桃園分院,TY11502701,吉恩司二極體雷射,財物類,115/05/11,"660,000",https://web.pcc.gov.tw/prkms/urlSelector/common/tpam?pk=NzEyMDk0NjI=,330 桃園市 桃園區 成功路3段100號,廖笠閎,(03) 3384889 #2042,P2100@tyvh.gov.tw,最低標,未達公告金額之採購，爭議屬政府採購法第31條規定不予發還或追繳押標金之爭議，始得提出申訴。,✅ 已擷取
二極體,公開徵求,115/05/04,臺北榮民總醫院桃園分院,TY11502701,吉恩司二極體雷射,財物類,115/05/11,"660,000",https://web.pcc.gov.tw/prkms/urlSelector/common/tpam?pk=NzEyMDk0NjI=,330 桃園市 桃園區 成功路3段100號,廖笠閎,(03) 3384889 #2042,P2100@tyvh.gov.tw,最低標,未達公告金額之採購，爭議屬政府採購法第31條規定不予發還或追繳押標金之爭議，始得提出申訴。,✅ 已擷取
二極體,公開閱覽,115/05/04,臺北榮民總醫院桃園分院,TY11502701,吉恩司二極體雷射,財物類,115/05/11,"660,000",https://web.pcc.gov.tw/prkms/urlSelector/common/tpam?pk=NzEyMDk0NjI=,330 桃園市 桃園區 成功路3段100號,廖笠閎,(03) 3384889 #2042,P2100@tyvh.gov.tw,最低標,未達公告金額之採購，爭議屬政府採購法第31條規定不予發還或追繳押標金之爭議，始得提出申訴。,✅ 已擷取
二極體,政府採購預告,115/05/04,臺北榮民總醫院桃園分院,TY11502701,吉恩司二極體雷射,財物類,115/05/11,"660,000",https://web.pcc.gov.tw/prkms/urlSelector/common/tpam?pk=NzEyMDk0NjI=,330 桃園市 桃園區 成功路3段100號,廖笠閎,(03) 3384889 #2042,P2100@tyvh.gov.tw,最低標,未達公告金額之採購，爭議屬政府採購法第31條規定不予發還或追繳押標金之爭議，始得提出申訴。,✅ 已擷取
二極體,招標公告,115/04/20,臺北榮民總醫院桃園分院,TY11502701,吉恩司二極體雷射,財物類,115/04/28,"660,000",https://web.pcc.gov.tw/prkms/urlSelector/common/tpam?pk=NzExOTg2OTg=,330 桃園市 桃園區 成功路3段100號,廖笠閎,(03) 3384889 #2042,P2100@tyvh.gov.tw,最低標,未達公告金額之採購，爭議屬政府採購法第31條規定不予發還或追繳押標金之爭議，始得提出申訴。,✅ 已擷取
二極體,公開徵求,115/04/20,臺北榮民總醫院桃園分院,TY11502701,吉恩司二極體雷射,財物類,115/04/28,"660,000",https://web.pcc.gov.tw/prkms/urlSelector/common/tpam?pk=NzExOTg2OTg=,330 桃園市 桃園區 成功路3段100號,廖笠閎,(03) 3384889 #2042,P2100@tyvh.gov.tw,最低標,未達公告金額之採購，爭議屬政府採購法第31條規定不予發還或追繳押標金之爭議，始得提出申訴。,✅ 已擷取
二極體,公開閱覽,115/04/20,臺北榮民總醫院桃園分院,TY11502701,吉恩司二極體雷射,財物類,115/04/28,"660,000",https://web.pcc.gov.tw/prkms/urlSelector/common/tpam?pk=NzExOTg2OTg=,330 桃園市 桃園區 成功路3段100號,廖笠閎,(03) 3384889 #2042,P2100@tyvh.gov.tw,最低標,未達公告金額之採購，爭議屬政府採購法第31條規定不予發還或追繳押標金之爭議，始得提出申訴。,✅ 已擷取
二極體,政府採購預告,115/04/20,臺北榮民總醫院桃園分院,TY11502701,吉恩司二極體雷射,財物類,115/04/28,"660,000",https://web.pcc.gov.tw/prkms/urlSelector/common/tpam?pk=NzExOTg2OTg=,330 桃園市 桃園區 成功路3段100號,廖笠閎,(03) 3384889 #2042,P2100@tyvh.gov.tw,最低標,未達公告金額之採購，爭議屬政府採購法第31條規定不予發還或追繳押標金之爭議，始得提出申訴。,✅ 已擷取
二極體,招標公告,115/04/15,國防部軍醫局,NB15090P073,二極體雷射等3項,財物類,115/04/27,"6,810,000",https://web.pcc.gov.tw/prkms/urlSelector/common/tpam?pk=NzExOTQ3NjM=,802 高雄市 苓雅區 中正一路2號,胡志平,(07) 7493323,procurement802@mail.802.org.tw,最低標,一、本案預算已公開，依行政院公共工程委員會96年10月02日工程企字09600396110號函規定：標價超過預算者為不合格標，不予減價機會。 二、決標原則：本案採訂有底價方式辦理，並以合於招標文件規定，且在底價以內之最低標為得標廠商。 三、現場領標及投標地點：本院2樓採購室（高雄市苓雅區中正一路二號）。 四、投標方式： （一）採現場方式投標：由廠商攜投標文件至高雄市中正一路二號本院採購室。 （二）採郵遞方式投標：由廠商將投標文件逕寄「鳳山郵政23 之151號信箱」。逾郵遞投標截止期限寄達者(以本院(招標單位)取件郵局落地郵戳或收件登錄時間為憑)之投標文件及押標金退還，不予審驗，招標單位影印投標封存案備查。,✅ 已擷取
二極體,公開徵求,115/04/15,國防部軍醫局,NB15090P073,二極體雷射等3項,財物類,115/04/27,"6,810,000",https://web.pcc.gov.tw/prkms/urlSelector/common/tpam?pk=NzExOTQ3NjM=,802 高雄市 苓雅區 中正一路2號,胡志平,(07) 7493323,procurement802@mail.802.org.tw,最低標,一、本案預算已公開，依行政院公共工程委員會96年10月02日工程企字09600396110號函規定：標價超過預算者為不合格標，不予減價機會。 二、決標原則：本案採訂有底價方式辦理，並以合於招標文件規定，且在底價以內之最低標為得標廠商。 三、現場領標及投標地點：本院2樓採購室（高雄市苓雅區中正一路二號）。 四、投標方式： （一）採現場方式投標：由廠商攜投標文件至高雄市中正一路二號本院採購室。 （二）採郵遞方式投標：由廠商將投標文件逕寄「鳳山郵政23 之151號信箱」。逾郵遞投標截止期限寄達者(以本院(招標單位)取件郵局落地郵戳或收件登錄時間為憑)之投標文件及押標金退還，不予審驗，招標單位影印投標封存案備查。,✅ 已擷取
二極體,公開閱覽,115/04/15,國防部軍醫局,NB15090P073,二極體雷射等3項,財物類,115/04/27,"6,810,000",https://web.pcc.gov.tw/prkms/urlSelector/common/tpam?pk=NzExOTQ3NjM=,802 高雄市 苓雅區 中正一路2號,胡志平,(07) 7493323,procurement802@mail.802.org.tw,最低標,一、本案預算已公開，依行政院公共工程委員會96年10月02日工程企字09600396110號函規定：標價超過預算者為不合格標，不予減價機會。 二、決標原則：本案採訂有底價方式辦理，並以合於招標文件規定，且在底價以內之最低標為得標廠商。 三、現場領標及投標地點：本院2樓採購室（高雄市苓雅區中正一路二號）。 四、投標方式： （一）採現場方式投標：由廠商攜投標文件至高雄市中正一路二號本院採購室。 （二）採郵遞方式投標：由廠商將投標文件逕寄「鳳山郵政23 之151號信箱」。逾郵遞投標截止期限寄達者(以本院(招標單位)取件郵局落地郵戳或收件登錄時間為憑)之投標文件及押標金退還，不予審驗，招標單位影印投標封存案備查。,✅ 已擷取
二極體,政府採購預告,115/04/15,國防部軍醫局,NB15090P073,二極體雷射等3項,財物類,115/04/27,"6,810,000",https://web.pcc.gov.tw/prkms/urlSelector/common/tpam?pk=NzExOTQ3NjM=,802 高雄市 苓雅區 中正一路2號,胡志平,(07) 7493323,procurement802@mail.802.org.tw,最低標,一、本案預算已公開，依行政院公共工程委員會96年10月02日工程企字09600396110號函規定：標價超過預算者為不合格標，不予減價機會。 二、決標原則：本案採訂有底價方式辦理，並以合於招標文件規定，且在底價以內之最低標為得標廠商。 三、現場領標及投標地點：本院2樓採購室（高雄市苓雅區中正一路二號）。 四、投標方式： （一）採現場方式投標：由廠商攜投標文件至高雄市中正一路二號本院採購室。 （二）採郵遞方式投標：由廠商將投標文件逕寄「鳳山郵政23 之151號信箱」。逾郵遞投標截止期限寄達者(以本院(招標單位)取件郵局落地郵戳或收件登錄時間為憑)之投標文件及押標金退還，不予審驗，招標單位影印投標封存案備查。,✅ 已擷取
匯流排,招標公告,115/04/13,衛生福利部臺中醫院,TH115061,動力中心空調設備電力匯流排汰換案,工程類,115/04/16,"733,525",https://web.pcc.gov.tw/prkms/urlSelector/common/tpam?pk=NzExOTM1OTU=,403 臺中市 西區 三民路一段199號,吳國銘,(04) 22294411 #5901,taic15085@mail.taic.doh.gov.tw,最低標,未達公告金額之採購，爭議屬政府採購法第31條規定不予發還或追繳押標金之爭議，始得提出申訴。,✅ 已擷取
匯流排,公開徵求,115/04/13,衛生福利部臺中醫院,TH115061,動力中心空調設備電力匯流排汰換案,工程類,115/04/16,"733,525",https://web.pcc.gov.tw/prkms/urlSelector/common/tpam?pk=NzExOTM1OTU=,403 臺中市 西區 三民路一段199號,吳國銘,(04) 22294411 #5901,taic15085@mail.taic.doh.gov.tw,最低標,未達公告金額之採購，爭議屬政府採購法第31條規定不予發還或追繳押標金之爭議，始得提出申訴。,✅ 已擷取
匯流排,公開閱覽,115/04/13,衛生福利部臺中醫院,TH115061,動力中心空調設備電力匯流排汰換案,工程類,115/04/16,"733,525",https://web.pcc.gov.tw/prkms/urlSelector/common/tpam?pk=NzExOTM1OTU=,403 臺中市 西區 三民路一段199號,吳國銘,(04) 22294411 #5901,taic15085@mail.taic.doh.gov.tw,最低標,未達公告金額之採購，爭議屬政府採購法第31條規定不予發還或追繳押標金之爭議，始得提出申訴。,✅ 已擷取
匯流排,政府採購預告,115/04/13,衛生福利部臺中醫院,TH115061,動力中心空調設備電力匯流排汰換案,工程類,115/04/16,"733,525",https://web.pcc.gov.tw/prkms/urlSelector/common/tpam?pk=NzExOTM1OTU=,403 臺中市 西區 三民路一段199號,吳國銘,(04) 22294411 #5901,taic15085@mail.taic.doh.gov.tw,最低標,未達公告金額之採購，爭議屬政府採購法第31條規定不予發還或追繳押標金之爭議，始得提出申訴。,✅ 已擷取
匯流排,招標公告,115/04/09,台灣電力股份有限公司輸變電工程處南區施工處,6561551004,嘉義P/S匯流排、鐵構、電力電纜及控制電纜拆卸及延放安裝工程,工程類,115/04/14,"18,000,000",https://web.pcc.gov.tw/prkms/urlSelector/common/tpam?pk=NzExODg3Mzc=,811 高雄市 楠梓區 旗楠路93號,招標程序:黃詠堂(07)367-6943//技術規範:張森矗(07)367-6893,(07) 3676943,u785562@taipower.com.tw,最低標,*投標廠商應檢附本標案之領標電子憑據書面明細，未檢附者，依政府採購法第50條第1項規定，不予決標(詳投標須知十四.(一).10)。 *投標廠商聲明書、切結書（廠商應負之刑事、民事與行政責任）、標單、詳細價目表、單價分析表應加蓋廠商廠商負責人印章或簽名。 [履約期限])本工程分為四期施工，第一期:15工作天，第二期:60工作天，第三期:30工作天，第四期:30工作天，合計工期:135工作天。(詳特定條款五、工期核計及逾期罰款)(詳特定條款五、工期核計及逾期罰款) [工程地點] 嘉義P/S(嘉義縣竹崎鄉灣橋281號) [購領招標文件方式] 採電子領標：請逕至「政府採購領投標系統」（網址：http://web.pcc.gov.tw）購買並下載招標文件電子檔（招標文件費新臺幣0元）。 [其他內容] 一.押標金之票據受款人請載明為「台灣電力股份有限公司輸變電工程處南區施工處」，投標廠商以銀行開發或保兌之不可撤銷擔保信用狀、銀行之書面連帶保證或保險公司之連帶保證保險單繳納押標金者，其有效期應依本工程採購投標須知之規定。 二.截、開標日如逢颱風等突發事故停止辦公時，則以次一辦公日之同一時間代之。 三. 餘詳本案招標文件之規定。 [檢舉受理單位補充]＊本處政風組：電話07-3676723,✅ 已擷取
匯流排,公開徵求,115/04/09,台灣電力股份有限公司輸變電工程處南區施工處,6561551004,嘉義P/S匯流排、鐵構、電力電纜及控制電纜拆卸及延放安裝工程,工程類,115/04/14,"18,000,000",https://web.pcc.gov.tw/prkms/urlSelector/common/tpam?pk=NzExODg3Mzc=,811 高雄市 楠梓區 旗楠路93號,招標程序:黃詠堂(07)367-6943//技術規範:張森矗(07)367-6893,(07) 3676943,u785562@taipower.com.tw,最低標,*投標廠商應檢附本標案之領標電子憑據書面明細，未檢附者，依政府採購法第50條第1項規定，不予決標(詳投標須知十四.(一).10)。 *投標廠商聲明書、切結書（廠商應負之刑事、民事與行政責任）、標單、詳細價目表、單價分析表應加蓋廠商廠商負責人印章或簽名。 [履約期限])本工程分為四期施工，第一期:15工作天，第二期:60工作天，第三期:30工作天，第四期:30工作天，合計工期:135工作天。(詳特定條款五、工期核計及逾期罰款)(詳特定條款五、工期核計及逾期罰款) [工程地點] 嘉義P/S(嘉義縣竹崎鄉灣橋281號) [購領招標文件方式] 採電子領標：請逕至「政府採購領投標系統」（網址：http://web.pcc.gov.tw）購買並下載招標文件電子檔（招標文件費新臺幣0元）。 [其他內容] 一.押標金之票據受款人請載明為「台灣電力股份有限公司輸變電工程處南區施工處」，投標廠商以銀行開發或保兌之不可撤銷擔保信用狀、銀行之書面連帶保證或保險公司之連帶保證保險單繳納押標金者，其有效期應依本工程採購投標須知之規定。 二.截、開標日如逢颱風等突發事故停止辦公時，則以次一辦公日之同一時間代之。 三. 餘詳本案招標文件之規定。 [檢舉受理單位補充]＊本處政風組：電話07-3676723,✅ 已擷取
匯流排,公開閱覽,115/04/09,台灣電力股份有限公司輸變電工程處南區施工處,6561551004,嘉義P/S匯流排、鐵構、電力電纜及控制電纜拆卸及延放安裝工程,工程類,115/04/14,"18,000,000",https://web.pcc.gov.tw/prkms/urlSelector/common/tpam?pk=NzExODg3Mzc=,811 高雄市 楠梓區 旗楠路93號,招標程序:黃詠堂(07)367-6943//技術規範:張森矗(07)367-6893,(07) 3676943,u785562@taipower.com.tw,最低標,*投標廠商應檢附本標案之領標電子憑據書面明細，未檢附者，依政府採購法第50條第1項規定，不予決標(詳投標須知十四.(一).10)。 *投標廠商聲明書、切結書（廠商應負之刑事、民事與行政責任）、標單、詳細價目表、單價分析表應加蓋廠商廠商負責人印章或簽名。 [履約期限])本工程分為四期施工，第一期:15工作天，第二期:60工作天，第三期:30工作天，第四期:30工作天，合計工期:135工作天。(詳特定條款五、工期核計及逾期罰款)(詳特定條款五、工期核計及逾期罰款) [工程地點] 嘉義P/S(嘉義縣竹崎鄉灣橋281號) [購領招標文件方式] 採電子領標：請逕至「政府採購領投標系統」（網址：http://web.pcc.gov.tw）購買並下載招標文件電子檔（招標文件費新臺幣0元）。 [其他內容] 一.押標金之票據受款人請載明為「台灣電力股份有限公司輸變電工程處南區施工處」，投標廠商以銀行開發或保兌之不可撤銷擔保信用狀、銀行之書面連帶保證或保險公司之連帶保證保險單繳納押標金者，其有效期應依本工程採購投標須知之規定。 二.截、開標日如逢颱風等突發事故停止辦公時，則以次一辦公日之同一時間代之。 三. 餘詳本案招標文件之規定。 [檢舉受理單位補充]＊本處政風組：電話07-3676723,✅ 已擷取
匯流排,政府採購預告,115/04/09,台灣電力股份有限公司輸變電工程處南區施工處,6561551004,嘉義P/S匯流排、鐵構、電力電纜及控制電纜拆卸及延放安裝工程,工程類,115/04/14,"18,000,000",https://web.pcc.gov.tw/prkms/urlSelector/common/tpam?pk=NzExODg3Mzc=,811 高雄市 楠梓區 旗楠路93號,招標程序:黃詠堂(07)367-6943//技術規範:張森矗(07)367-6893,(07) 3676943,u785562@taipower.com.tw,最低標,*投標廠商應檢附本標案之領標電子憑據書面明細，未檢附者，依政府採購法第50條第1項規定，不予決標(詳投標須知十四.(一).10)。 *投標廠商聲明書、切結書（廠商應負之刑事、民事與行政責任）、標單、詳細價目表、單價分析表應加蓋廠商廠商負責人印章或簽名。 [履約期限])本工程分為四期施工，第一期:15工作天，第二期:60工作天，第三期:30工作天，第四期:30工作天，合計工期:135工作天。(詳特定條款五、工期核計及逾期罰款)(詳特定條款五、工期核計及逾期罰款) [工程地點] 嘉義P/S(嘉義縣竹崎鄉灣橋281號) [購領招標文件方式] 採電子領標：請逕至「政府採購領投標系統」（網址：http://web.pcc.gov.tw）購買並下載招標文件電子檔（招標文件費新臺幣0元）。 [其他內容] 一.押標金之票據受款人請載明為「台灣電力股份有限公司輸變電工程處南區施工處」，投標廠商以銀行開發或保兌之不可撤銷擔保信用狀、銀行之書面連帶保證或保險公司之連帶保證保險單繳納押標金者，其有效期應依本工程採購投標須知之規定。 二.截、開標日如逢颱風等突發事故停止辦公時，則以次一辦公日之同一時間代之。 三. 餘詳本案招標文件之規定。 [檢舉受理單位補充]＊本處政風組：電話07-3676723,✅ 已擷取
二極體,招標公告,115/04/07,衛生福利部豐原醫院,FYH1153516,二極體雷射1台,財物類,115/04/16,"400,000",https://web.pcc.gov.tw/prkms/urlSelector/common/tpam?pk=NzExODY4MTA=,420 臺中市 豐原區 安康路100號,陳艾琪,(04) 25271180 #2358,04051@fyh.mohw.gov.tw,最低標,未達公告金額之採購，爭議屬政府採購法第31條規定不予發還或追繳押標金之爭議，始得提出申訴。 (一) 招標文件領取方式： 1.電子領標： (1)工本費每份新台幣100元整。 (2)請領標廠商逕至行政院公共工程委員會「政府電子採購網」(http://web.pcc.gov.tw/)網站下載招標文件。 2.人工領取： (1)每份工本費200元整。 (2)請於上班時間親自至本院總務室領取。 3.郵遞發售： (1)每份工本費200元整。 (2)請附大型之掛號回郵信封，並註明欲購買招標文件之招標案號或招標案名，內附現金袋(標單文件發售金額)以掛號方式或匯票郵寄至發售地點，本院於收售相關文件後，寄發招標文件(若因回郵信封未貼妥掛號回郵或未寄附現金袋或匯票等情事，則恕無法寄招標文件)廠商應自行估計寄達時間。 (二)領標廠商應詳細核對招標文件是否齊全，若有任何欠缺，應於領標當場請求機關補齊，電子領標廠商取得本採購標案之電子檔後，應即就檔案內容進行檢查，並立即將電子檔製作備份妥善保管。電子檔案內容如與招標文件不一致或有損壞等情事，領標廠商應於投標截止期限前要求招標機關更換之。 (三)機關得於開標當日辦理決標，開標結果若需減價或比減時，廠商若未派員出席說明或減價者視同放棄。 (四)本採購相關聯絡人： 1.豐原醫院：牙科朱小姐:04-25271180-2368。 2.採購人員：總務室陳小姐04-25271180-2358。 | 未達公告金額之採購，爭議屬政府採購法第31條規定不予發還或追繳押標金之爭議，始得提出申訴。 | (一) 招標文件領取方式： 1.電子領標： (1)工本費每份新台幣100元整。 (2)請領標廠商逕至行政院公共工程委員會「政府電子採購網」(http://web.pcc.gov.tw/)網站下載招標文件。 2.人工領取： (1)每份工本費200元整。 (2)請於上班時間親自至本院總務室領取。 3.郵遞發售： (1)每份工本費200元整。 (2)請附大型之掛號回郵信封，並註明欲購買招標文件之招標案號或招標案名，內附現金袋(標單文件發售金額)以掛號方式或匯票郵寄至發售地點，本院於收售相關文件後，寄發招標文件(若因回郵信封未貼妥掛號回郵或未寄附現金袋或匯票等情事，則恕無法寄招標文件)廠商應自行估計寄達時間。 (二)領標廠商應詳細核對招標文件是否齊全，若有任何欠缺，應於領標當場請求機關補齊，電子領標廠商取得本採購標案之電子檔後，應即就檔案內容進行檢查，並立即將電子檔製作備份妥善保管。電子檔案內容如與招標文件不一致或有損壞等情事，領標廠商應於投標截止期限前要求招標機關更換之。 (三)機關得於開標當日辦理決標，開標結果若需減價或比減時，廠商若未派員出席說明或減價者視同放棄。 (四)本採購相關聯絡人： 1.豐原醫院：牙科朱小姐:04-25271180-2368。 2.採購人員：總務室陳小姐04-25271180-2358。,✅ 已擷取
二極體,公開徵求,115/04/07,衛生福利部豐原醫院,FYH1153516,二極體雷射1台,財物類,115/04/16,"400,000",https://web.pcc.gov.tw/prkms/urlSelector/common/tpam?pk=NzExODY4MTA=,420 臺中市 豐原區 安康路100號,陳艾琪,(04) 25271180 #2358,04051@fyh.mohw.gov.tw,最低標,未達公告金額之採購，爭議屬政府採購法第31條規定不予發還或追繳押標金之爭議，始得提出申訴。 (一) 招標文件領取方式： 1.電子領標： (1)工本費每份新台幣100元整。 (2)請領標廠商逕至行政院公共工程委員會「政府電子採購網」(http://web.pcc.gov.tw/)網站下載招標文件。 2.人工領取： (1)每份工本費200元整。 (2)請於上班時間親自至本院總務室領取。 3.郵遞發售： (1)每份工本費200元整。 (2)請附大型之掛號回郵信封，並註明欲購買招標文件之招標案號或招標案名，內附現金袋(標單文件發售金額)以掛號方式或匯票郵寄至發售地點，本院於收售相關文件後，寄發招標文件(若因回郵信封未貼妥掛號回郵或未寄附現金袋或匯票等情事，則恕無法寄招標文件)廠商應自行估計寄達時間。 (二)領標廠商應詳細核對招標文件是否齊全，若有任何欠缺，應於領標當場請求機關補齊，電子領標廠商取得本採購標案之電子檔後，應即就檔案內容進行檢查，並立即將電子檔製作備份妥善保管。電子檔案內容如與招標文件不一致或有損壞等情事，領標廠商應於投標截止期限前要求招標機關更換之。 (三)機關得於開標當日辦理決標，開標結果若需減價或比減時，廠商若未派員出席說明或減價者視同放棄。 (四)本採購相關聯絡人： 1.豐原醫院：牙科朱小姐:04-25271180-2368。 2.採購人員：總務室陳小姐04-25271180-2358。 | 未達公告金額之採購，爭議屬政府採購法第31條規定不予發還或追繳押標金之爭議，始得提出申訴。 | (一) 招標文件領取方式： 1.電子領標： (1)工本費每份新台幣100元整。 (2)請領標廠商逕至行政院公共工程委員會「政府電子採購網」(http://web.pcc.gov.tw/)網站下載招標文件。 2.人工領取： (1)每份工本費200元整。 (2)請於上班時間親自至本院總務室領取。 3.郵遞發售： (1)每份工本費200元整。 (2)請附大型之掛號回郵信封，並註明欲購買招標文件之招標案號或招標案名，內附現金袋(標單文件發售金額)以掛號方式或匯票郵寄至發售地點，本院於收售相關文件後，寄發招標文件(若因回郵信封未貼妥掛號回郵或未寄附現金袋或匯票等情事，則恕無法寄招標文件)廠商應自行估計寄達時間。 (二)領標廠商應詳細核對招標文件是否齊全，若有任何欠缺，應於領標當場請求機關補齊，電子領標廠商取得本採購標案之電子檔後，應即就檔案內容進行檢查，並立即將電子檔製作備份妥善保管。電子檔案內容如與招標文件不一致或有損壞等情事，領標廠商應於投標截止期限前要求招標機關更換之。 (三)機關得於開標當日辦理決標，開標結果若需減價或比減時，廠商若未派員出席說明或減價者視同放棄。 (四)本採購相關聯絡人： 1.豐原醫院：牙科朱小姐:04-25271180-2368。 2.採購人員：總務室陳小姐04-25271180-2358。,✅ 已擷取
二極體,公開閱覽,115/04/07,衛生福利部豐原醫院,FYH1153516,二極體雷射1台,財物類,115/04/16,"400,000",https://web.pcc.gov.tw/prkms/urlSelector/common/tpam?pk=NzExODY4MTA=,420 臺中市 豐原區 安康路100號,陳艾琪,(04) 25271180 #2358,04051@fyh.mohw.gov.tw,最低標,未達公告金額之採購，爭議屬政府採購法第31條規定不予發還或追繳押標金之爭議，始得提出申訴。 (一) 招標文件領取方式： 1.電子領標： (1)工本費每份新台幣100元整。 (2)請領標廠商逕至行政院公共工程委員會「政府電子採購網」(http://web.pcc.gov.tw/)網站下載招標文件。 2.人工領取： (1)每份工本費200元整。 (2)請於上班時間親自至本院總務室領取。 3.郵遞發售： (1)每份工本費200元整。 (2)請附大型之掛號回郵信封，並註明欲購買招標文件之招標案號或招標案名，內附現金袋(標單文件發售金額)以掛號方式或匯票郵寄至發售地點，本院於收售相關文件後，寄發招標文件(若因回郵信封未貼妥掛號回郵或未寄附現金袋或匯票等情事，則恕無法寄招標文件)廠商應自行估計寄達時間。 (二)領標廠商應詳細核對招標文件是否齊全，若有任何欠缺，應於領標當場請求機關補齊，電子領標廠商取得本採購標案之電子檔後，應即就檔案內容進行檢查，並立即將電子檔製作備份妥善保管。電子檔案內容如與招標文件不一致或有損壞等情事，領標廠商應於投標截止期限前要求招標機關更換之。 (三)機關得於開標當日辦理決標，開標結果若需減價或比減時，廠商若未派員出席說明或減價者視同放棄。 (四)本採購相關聯絡人： 1.豐原醫院：牙科朱小姐:04-25271180-2368。 2.採購人員：總務室陳小姐04-25271180-2358。 | 未達公告金額之採購，爭議屬政府採購法第31條規定不予發還或追繳押標金之爭議，始得提出申訴。 | (一) 招標文件領取方式： 1.電子領標： (1)工本費每份新台幣100元整。 (2)請領標廠商逕至行政院公共工程委員會「政府電子採購網」(http://web.pcc.gov.tw/)網站下載招標文件。 2.人工領取： (1)每份工本費200元整。 (2)請於上班時間親自至本院總務室領取。 3.郵遞發售： (1)每份工本費200元整。 (2)請附大型之掛號回郵信封，並註明欲購買招標文件之招標案號或招標案名，內附現金袋(標單文件發售金額)以掛號方式或匯票郵寄至發售地點，本院於收售相關文件後，寄發招標文件(若因回郵信封未貼妥掛號回郵或未寄附現金袋或匯票等情事，則恕無法寄招標文件)廠商應自行估計寄達時間。 (二)領標廠商應詳細核對招標文件是否齊全，若有任何欠缺，應於領標當場請求機關補齊，電子領標廠商取得本採購標案之電子檔後，應即就檔案內容進行檢查，並立即將電子檔製作備份妥善保管。電子檔案內容如與招標文件不一致或有損壞等情事，領標廠商應於投標截止期限前要求招標機關更換之。 (三)機關得於開標當日辦理決標，開標結果若需減價或比減時，廠商若未派員出席說明或減價者視同放棄。 (四)本採購相關聯絡人： 1.豐原醫院：牙科朱小姐:04-25271180-2368。 2.採購人員：總務室陳小姐04-25271180-2358。,✅ 已擷取
二極體,政府採購預告,115/04/07,衛生福利部豐原醫院,FYH1153516,二極體雷射1台,財物類,115/04/16,"400,000",https://web.pcc.gov.tw/prkms/urlSelector/common/tpam?pk=NzExODY4MTA=,420 臺中市 豐原區 安康路100號,陳艾琪,(04) 25271180 #2358,04051@fyh.mohw.gov.tw,最低標,未達公告金額之採購，爭議屬政府採購法第31條規定不予發還或追繳押標金之爭議，始得提出申訴。 (一) 招標文件領取方式： 1.電子領標： (1)工本費每份新台幣100元整。 (2)請領標廠商逕至行政院公共工程委員會「政府電子採購網」(http://web.pcc.gov.tw/)網站下載招標文件。 2.人工領取： (1)每份工本費200元整。 (2)請於上班時間親自至本院總務室領取。 3.郵遞發售： (1)每份工本費200元整。 (2)請附大型之掛號回郵信封，並註明欲購買招標文件之招標案號或招標案名，內附現金袋(標單文件發售金額)以掛號方式或匯票郵寄至發售地點，本院於收售相關文件後，寄發招標文件(若因回郵信封未貼妥掛號回郵或未寄附現金袋或匯票等情事，則恕無法寄招標文件)廠商應自行估計寄達時間。 (二)領標廠商應詳細核對招標文件是否齊全，若有任何欠缺，應於領標當場請求機關補齊，電子領標廠商取得本採購標案之電子檔後，應即就檔案內容進行檢查，並立即將電子檔製作備份妥善保管。電子檔案內容如與招標文件不一致或有損壞等情事，領標廠商應於投標截止期限前要求招標機關更換之。 (三)機關得於開標當日辦理決標，開標結果若需減價或比減時，廠商若未派員出席說明或減價者視同放棄。 (四)本採購相關聯絡人： 1.豐原醫院：牙科朱小姐:04-25271180-2368。 2.採購人員：總務室陳小姐04-25271180-2358。 | 未達公告金額之採購，爭議屬政府採購法第31條規定不予發還或追繳押標金之爭議，始得提出申訴。 | (一) 招標文件領取方式： 1.電子領標： (1)工本費每份新台幣100元整。 (2)請領標廠商逕至行政院公共工程委員會「政府電子採購網」(http://web.pcc.gov.tw/)網站下載招標文件。 2.人工領取： (1)每份工本費200元整。 (2)請於上班時間親自至本院總務室領取。 3.郵遞發售： (1)每份工本費200元整。 (2)請附大型之掛號回郵信封，並註明欲購買招標文件之招標案號或招標案名，內附現金袋(標單文件發售金額)以掛號方式或匯票郵寄至發售地點，本院於收售相關文件後，寄發招標文件(若因回郵信封未貼妥掛號回郵或未寄附現金袋或匯票等情事，則恕無法寄招標文件)廠商應自行估計寄達時間。 (二)領標廠商應詳細核對招標文件是否齊全，若有任何欠缺，應於領標當場請求機關補齊，電子領標廠商取得本採購標案之電子檔後，應即就檔案內容進行檢查，並立即將電子檔製作備份妥善保管。電子檔案內容如與招標文件不一致或有損壞等情事，領標廠商應於投標截止期限前要求招標機關更換之。 (三)機關得於開標當日辦理決標，開標結果若需減價或比減時，廠商若未派員出席說明或減價者視同放棄。 (四)本採購相關聯絡人： 1.豐原醫院：牙科朱小姐:04-25271180-2368。 2.採購人員：總務室陳小姐04-25271180-2358。,✅ 已擷取
,招標公告,114/05/27,衛生福利部豐原醫院,FYH1143515,急診X光機之高壓轉換模組IGBT Unit Assy維修案,勞務類,114/06/03,"210,000",https://web.pcc.gov.tw/prkms/urlSelector/common/tpam?pk=NzA5MTMzMDI=,420 臺中市 豐原區 安康路100號,陳艾琪,(04) 25271180 #2358,04051@fyh.mohw.gov.tw,最低標,未達公告金額之採購，爭議屬政府採購法第31條規定不予發還或追繳押標金之爭議，始得提出申訴。 (一) 招標文件領取方式： 1.電子領標： (1)工本費每份新台幣100元整。 (2)請領標廠商逕至行政院公共工程委員會「政府電子採購網」(http://web.pcc.gov.tw/)網站下載招標文件。 2.人工領取： (1)每份工本費200元整。 (2)請於上班時間親自至本院總務室領取。 3.郵遞發售： (1)每份工本費200元整。 (2)請附大型之掛號回郵信封，並註明欲購買招標文件之招標案號或招標案名，內附現金袋(標單文件發售金額)以掛號方式或匯票郵寄至發售地點，本院於收售相關文件後，寄發招標文件(若因回郵信封未貼妥掛號回郵或未寄附現金袋或匯票等情事，則恕無法寄招標文件)廠商應自行估計寄達時間。 (二)領標廠商應詳細核對招標文件是否齊全，若有任何欠缺，應於領標當場請求機關補齊，電子領標廠商取得本採購標案之電子檔後，應即就檔案內容進行檢查，並立即將電子檔製作備份妥善保管。電子檔案內容如與招標文件不一致或有損壞等情事，領標廠商應於投標截止期限前要求招標機關更換之。 (三)機關得於開標當日辦理決標，開標結果若需減價或比減時，廠商若未派員出席說明或減價者視同放棄。 (四)本採購相關聯絡人： 1.豐原醫院：放射診斷科朱雪碧小姐04-25271180-2163。 2.採購人員：總務室陳艾琪小姐04-25271180-2358。 | 未達公告金額之採購，爭議屬政府採購法第31條規定不予發還或追繳押標金之爭議，始得提出申訴。 | (一) 招標文件領取方式： 1.電子領標： (1)工本費每份新台幣100元整。 (2)請領標廠商逕至行政院公共工程委員會「政府電子採購網」(http://web.pcc.gov.tw/)網站下載招標文件。 2.人工領取： (1)每份工本費200元整。 (2)請於上班時間親自至本院總務室領取。 3.郵遞發售： (1)每份工本費200元整。 (2)請附大型之掛號回郵信封，並註明欲購買招標文件之招標案號或招標案名，內附現金袋(標單文件發售金額)以掛號方式或匯票郵寄至發售地點，本院於收售相關文件後，寄發招標文件(若因回郵信封未貼妥掛號回郵或未寄附現金袋或匯票等情事，則恕無法寄招標文件)廠商應自行估計寄達時間。 (二)領標廠商應詳細核對招標文件是否齊全，若有任何欠缺，應於領標當場請求機關補齊，電子領標廠商取得本採購標案之電子檔後，應即就檔案內容進行檢查，並立即將電子檔製作備份妥善保管。電子檔案內容如與招標文件不一致或有損壞等情事，領標廠商應於投標截止期限前要求招標機關更換之。 (三)機關得於開標當日辦理決標，開標結果若需減價或比減時，廠商若未派員出席說明或減價者視同放棄。 (四)本採購相關聯絡人： 1.豐原醫院：放射診斷科朱雪碧小姐04-25271180-2163。 2.採購人員：總務室陳艾琪小姐04-25271180-2358。,✅ 已擷取
,招標公告,114/05/12,衛生福利部豐原醫院,FYH1143515,急診X光機之高壓轉換模組IGBT Unit Assy維修案,勞務類,114/05/20,"210,000",https://web.pcc.gov.tw/prkms/urlSelector/common/tpam?pk=NzA5MDA2NTE=,420 臺中市 豐原區 安康路100號,陳艾琪,(04) 25271180 #2358,04051@fyh.mohw.gov.tw,最低標,未達公告金額之採購，爭議屬政府採購法第31條規定不予發還或追繳押標金之爭議，始得提出申訴。 (一) 招標文件領取方式： 1.電子領標： (1)工本費每份新台幣100元整。 (2)請領標廠商逕至行政院公共工程委員會「政府電子採購網」(http://web.pcc.gov.tw/)網站下載招標文件。 2.人工領取： (1)每份工本費200元整。 (2)請於上班時間親自至本院總務室領取。 3.郵遞發售： (1)每份工本費200元整。 (2)請附大型之掛號回郵信封，並註明欲購買招標文件之招標案號或招標案名，內附現金袋(標單文件發售金額)以掛號方式或匯票郵寄至發售地點，本院於收售相關文件後，寄發招標文件(若因回郵信封未貼妥掛號回郵或未寄附現金袋或匯票等情事，則恕無法寄招標文件)廠商應自行估計寄達時間。 (二)領標廠商應詳細核對招標文件是否齊全，若有任何欠缺，應於領標當場請求機關補齊，電子領標廠商取得本採購標案之電子檔後，應即就檔案內容進行檢查，並立即將電子檔製作備份妥善保管。電子檔案內容如與招標文件不一致或有損壞等情事，領標廠商應於投標截止期限前要求招標機關更換之。 (三)機關得於開標當日辦理決標，開標結果若需減價或比減時，廠商若未派員出席說明或減價者視同放棄。 (四)本採購相關聯絡人： 1.豐原醫院：放射診斷科朱雪碧小姐04-25271180-2163。 2.採購人員：總務室陳艾琪小姐04-25271180-2358。 | 未達公告金額之採購，爭議屬政府採購法第31條規定不予發還或追繳押標金之爭議，始得提出申訴。 | (一) 招標文件領取方式： 1.電子領標： (1)工本費每份新台幣100元整。 (2)請領標廠商逕至行政院公共工程委員會「政府電子採購網」(http://web.pcc.gov.tw/)網站下載招標文件。 2.人工領取： (1)每份工本費200元整。 (2)請於上班時間親自至本院總務室領取。 3.郵遞發售： (1)每份工本費200元整。 (2)請附大型之掛號回郵信封，並註明欲購買招標文件之招標案號或招標案名，內附現金袋(標單文件發售金額)以掛號方式或匯票郵寄至發售地點，本院於收售相關文件後，寄發招標文件(若因回郵信封未貼妥掛號回郵或未寄附現金袋或匯票等情事，則恕無法寄招標文件)廠商應自行估計寄達時間。 (二)領標廠商應詳細核對招標文件是否齊全，若有任何欠缺，應於領標當場請求機關補齊，電子領標廠商取得本採購標案之電子檔後，應即就檔案內容進行檢查，並立即將電子檔製作備份妥善保管。電子檔案內容如與招標文件不一致或有損壞等情事，領標廠商應於投標截止期限前要求招標機關更換之。 (三)機關得於開標當日辦理決標，開標結果若需減價或比減時，廠商若未派員出席說明或減價者視同放棄。 (四)本採購相關聯絡人： 1.豐原醫院：放射診斷科朱雪碧小姐04-25271180-2163。 2.採購人員：總務室陳艾琪小姐04-25271180-2358。,✅ 已擷取
,招標公告,114/05/07,國營臺灣鐵路股份有限公司富岡機廠,1140122M006,IGBT 45PC,財物類,114/05/13,"1,890,000",https://web.pcc.gov.tw/prkms/urlSelector/common/tpam?pk=NzA4ODcwMTU=,326 桃園市 楊梅區 富豐里富全街1號,劉明漢,(03) 4722593 #121,0617485@railway.gov.tw,最低標,1. 本購案提供電子招標文件於政府採購領投標系統(內含招標投標及簽約三用表格、財物採購投標須知暨財物採購契約條款、投標廠商報價單、投標廠商聲明書、出席代表授權書、退還押標金申請單、貼標封用封面)投標廠商請將押標金、退還押標金申請單、最近一期或前一期納稅證明影本(新設立且未屆第1期營業稅繳納期限者，得以營業稅主管稽徵機關核發之核准設立登記公函及申領統一發票購票證相關文件影本代之)、「公司登記證明文件」或「商業登記證明文件」或列印公開於該主管機關網站之登記資料投標、投標廠商聲明書、招標投標及簽約三用表格、投標廠商報價單、電子憑據書面明細(電子憑據資料)1式1份、非公司負責人出席時之出席代表授權書裝入信封，封面上註明案號、名稱及廠商地址、聯絡電話，以限時掛號或快遞郵件或親自投 遞本廠杸標箱。（以上影本需加蓋與正本相符、投標廠商章及負責人章）。 2. 報價單標價逾預算金額者為不合格標。 3. 依廠牌: Infineon，件號: FF800R17KP4-B2驗收，交貨時須檢附原供應(製造)廠/商/廠商之出廠證明，並具結保證之該證明確實為原供應(製造)廠/商/廠商所提供之出廠證明，須符合本公司車輛使用。 4. 開標未出席者其減價、比減價以棄權論。 5. 招標標的原產地:世界各國，排除中國大陸。 6. 交貨地點：桃園市楊梅區富豐里富全街1號(富岡機廠)。 7. 驗收合格次日起保固1年，並繳交保固金為契約總價含稅3％。,✅ 已擷取
